DATE,CBA,ANZ,WBC,NAB,SUN,BEN,MQG,PPT,AMP,IAG,QBE
2/01/2020,79.88,24.3557,24.19,24.57,12.94,9.85,137.53,41.02,1.915,7.58,12.85
3/01/2020,80.31,24.5343,24.36,24.72,12.99,9.89,138.37,41.38,1.92,7.61,12.96
6/01/2020,79.77,24.4351,24.34,24.55,12.78,9.82,137.63,41.4,1.91,7.48,12.8
7/01/2020,81.2,24.7525,24.62,24.9,13.04,9.93,139.51,42.22,1.9,7.62,13.04
8/01/2020,80.9,24.6633,24.54,24.82,13.02,9.93,138.5,41.68,1.86,7.6,13.05
9/01/2020,81.49,24.693,24.47,24.83,13.19,9.93,139.13,42.96,1.855,7.6,13.07
10/01/2020,82.5,24.9212,24.65,24.93,13.27,10.07,140.35,42.95,1.88,7.65,13.19
13/01/2020,82.48,24.8121,24.59,24.93,13.26,10.04,139.5,42.39,1.87,7.65,13.14
14/01/2020,83.17,25.0006,24.57,25.06,13.38,10.07,141.13,42.57,1.895,7.73,13.24
15/01/2020,83.66,25.0502,24.69,25.17,13.35,10.09,141.51,42.72,1.92,7.77,13.36
16/01/2020,84.46,25.2188,24.9,25.36,13.54,10.2,143.47,42.49,1.95,7.89,13.81
17/01/2020,84.05,25.2188,24.98,25.46,13.5,10.18,144.14,42.57,1.93,7.91,13.9
20/01/2020,83.93,25.2883,25.07,25.61,13.39,10.26,144.98,42.97,1.915,7.72,13.83
21/01/2020,83.48,25.3081,25.12,25.7,13.19,10.16,144.01,42.29,1.875,7.68,13.71
22/01/2020,84.45,25.5165,25.14,25.71,13.32,10.15,145.86,42.96,1.88,7.8,13.87
23/01/2020,84.52,25.5462,25.08,25.69,13.21,10.16,145,43.34,1.85,7.72,13.71
24/01/2020,84.94,25.695,25.21,25.8,12.99,10.29,145.86,43.29,1.86,7.3,13.77
28/01/2020,84.02,25.2585,25,25.61,12.9,10.18,143.01,41.86,1.84,7.16,13.66
29/01/2020,84.61,25.5859,25.19,25.8,12.92,10.3,144.6,42.28,1.84,7.17,13.7
30/01/2020,85.44,25.6256,25.31,25.88,12.88,10.29,145.72,41.38,1.83,7.1,13.66
31/01/2020,85.26,25.5462,25.12,25.86,12.86,10.41,144.77,42.7,1.825,7.08,13.75
3/02/2020,84.55,25.0899,24.81,25.5,12.59,10.19,141.85,41.33,1.75,7.01,13.64
4/02/2020,84.31,25.4668,24.8,25.6,12.55,10.27,143.04,42.95,1.76,7.05,13.69
5/02/2020,83.28,25.6157,24.73,25.61,12.62,10.32,144.67,43.16,1.765,6.95,13.87
6/02/2020,84.23,25.9034,25.16,25.95,12.82,10.39,146.72,43.26,1.77,7.1,14.14
7/02/2020,84.8,25.824,25.01,25.92,12.65,10.12,146.96,42.55,1.745,7.07,14.02
10/02/2020,84.32,25.7446,24.97,25.78,12.51,10.2,146.34,42.41,1.725,6.88,14.05
11/02/2020,84.72,25.9232,25.1,25.9,12.35,10.2,145.53,43.2,1.745,6.87,14.15
12/02/2020,88.18,26.1315,25.25,26.13,12.42,10.53,148.26,44.22,1.825,6.88,14.28
13/02/2020,88.73,26.2208,25.41,26.49,12.37,10.38,149.31,43.41,1.815,6.79,14.26
14/02/2020,90.99,26.3994,25.7,27.35,12.57,10.57,148.58,42.33,1.825,6.79,14.15
17/02/2020,89.46,26.3696,25.62,27.28,12.51,10.275,148.72,42.28,1.89,6.78,14.76
18/02/2020,90.26,26.4391,25.75,27.28,12.54,9.98,149.14,42.18,1.99,6.66,15.05
19/02/2020,87.83,26.5482,25.62,27.31,12.2,9.92,150.78,42.53,2.08,6.64,15.02
20/02/2020,87.85,26.8161,25.69,27.4,12.33,10,151.77,47.27,2.05,6.67,15.11
21/02/2020,88.8,27.0244,25.81,27.41,12.47,10.02,151.34,44.8,2.06,6.79,15.13
24/02/2020,87.99,26.6177,25.5,27.11,12.22,9.94,145.69,42.84,1.965,6.67,14.79
25/02/2020,86.8,26.3796,25.08,26.8,12,9.65,144.75,42.21,1.935,6.59,14.57
26/02/2020,85.35,25.8637,24.66,26.24,11.8,9.52,141.29,40.5,1.845,6.49,14.29
27/02/2020,84.43,25.328,24.33,25.89,11.71,9.47,139.42,39.74,1.77,6.57,14.18
28/02/2020,81.78,24.6335,23.64,25.1,11.34,9.19,134.83,38.36,1.675,6.38,13.59
2/03/2020,80.47,24.1474,23.19,24.47,11.22,9.01,134,37.93,1.67,6.5,13.55
3/03/2020,79.11,23.8101,22.94,24.13,11.34,8.89,135.96,38.85,1.67,6.65,13.32
4/03/2020,77.11,23.0263,22.23,23.24,11.1,8.53,132.94,35.84,1.63,6.58,12.95
5/03/2020,76.75,23.0561,22.25,23.29,11.45,8.47,137.53,36.12,1.645,6.83,12.65
6/03/2020,73.93,21.9648,21.35,22,11.2,7.78,131.93,32.9,1.575,6.63,12.17
9/03/2020,69.15,20.1096,19.52,20.14,10.44,7.04,121.5,29.8,1.415,6.36,10.9
10/03/2020,73.37,20.9628,20.54,21.1,10.74,7.43,126.55,30.51,1.47,6.69,11.22
11/03/2020,68.5,19.802,19.46,19.78,10.32,6.99,120.9,29.91,1.435,6.54,10.96
12/03/2020,63.11,18.1155,17.74,18.13,9.48,6.5,111.78,26.71,1.355,6.07,10.23
13/03/2020,66.36,18.6512,18.12,18.41,9.66,6.74,116.48,28.93,1.445,6.31,10.72
16/03/2020,59.72,16.3198,15.98,16.12,8.6,5.99,102.5,27.69,1.31,5.8,9.12
17/03/2020,67.64,18.2544,17.25,17.21,9.7,6.4,104.49,29.18,1.445,6.21,9.55
18/03/2020,63.95,16.4885,15.9,16.01,8.6,6.18,91.05,26.41,1.37,5.95,8.4
19/03/2020,60.95,14.8813,14.53,14.57,7.68,6.11,79.3,25.28,1.32,5.69,7.81
20/03/2020,59.91,15.8932,15.77,15.66,8.26,6.45,85.06,26.03,1.31,5.43,8.18
23/03/2020,54.26,13.9884,14.1,13.88,7.81,5.67,72.02,21.93,1.14,5.29,7.32
24/03/2020,57,14.7325,14.51,14.4,8.11,5.47,79.9,20.27,1.11,5.62,7.84
25/03/2020,62.4,16.4389,15.85,15.79,8.51,5.74,84.52,21.59,1.14,6.1,8.88
26/03/2020,61.8,16.5678,16.02,16.14,8.54,6.15,85.15,23.72,1.235,6.13,8.62
27/03/2020,57.66,15.3476,14.89,15.12,8.24,6,80.01,22.69,1.27,5.77,8.06
30/03/2020,63.95,16.6472,16.16,16.31,9.1,6.44,85.65,23.87,1.335,6.4,8.6
31/03/2020,61.82,16.8258,16.5,16.68,9.13,6.27,85.75,25.23,1.335,6.2,8.6
1/04/2020,63.67,16.9151,16.7,16.95,9.43,6.45,89.34,26.53,1.41,6.24,8.86
2/04/2020,61.24,16.0222,15.98,16,9.02,6.36,88.06,25.24,1.33,6.02,8.42
3/04/2020,60.11,15.665,15.51,15.62,8.93,6.17,84.3,24.4,1.21,6.22,8.56
6/04/2020,62.47,16.4091,16.35,16.47,9.3,6.31,92,26.03,1.28,6.39,8.84
7/04/2020,61.87,16.1908,16.1,16.13,9.04,6.29,92.45,26.39,1.29,6.19,8.85
8/04/2020,59.81,15.3972,15.25,15.35,8.97,6.11,92.89,26.13,1.31,6.1,8.9
9/04/2020,61.76,16.4091,15.96,16.08,9.09,6.17,99.5,27.56,1.305,6.13,9.11
14/04/2020,62.75,16.6472,16.27,16.54,9.35,6.33,101.81,28.04,1.435,6.12,#N/A N/A
15/04/2020,62.07,16.7166,16.29,16.64,9.21,6.19,100.96,28.59,1.425,6.07,8.79
16/04/2020,61.26,16.4488,15.92,16.28,9.26,5.9,99,28.5,1.435,6.27,8.74
17/04/2020,61.06,16.4289,15.87,16.39,9.32,5.92,100.41,28.18,1.46,6.32,8.8
20/04/2020,59.88,16.0222,15.52,16,9.05,5.9,100.17,28.19,1.375,6.09,8.51
21/04/2020,58.63,15.675,15.17,15.64,9.01,5.65,98.4,27.14,1.36,5.95,8.06
22/04/2020,59.25,15.8932,15.34,15.9,9.11,5.69,97.9,26.62,1.305,5.86,7.93
23/04/2020,58.83,15.8833,15.28,15.72,9.02,5.78,96.96,26.8,1.295,5.84,7.95
24/04/2020,58.88,15.8932,15.33,15.76,8.92,5.8,95.01,26.68,1.3,5.86,7.89
27/04/2020,58.88,15.5261,14.66,15.54,8.88,5.68,99,26.7,1.33,5.92,7.81
28/04/2020,58.61,15.5758,14.92,15.32,8.84,5.79,97.74,27.16,1.32,5.95,7.99
29/04/2020,61.07,16.5282,15.69,16.29,8.9,6.04,100.1,28.12,1.34,5.85,8.24
30/04/2020,62.69,16.7663,16.28,16.96,9.19,6.54,102.66,30.1,1.43,5.78,8.45
1/05/2020,58.84,15.6254,15.34,16.14,8.53,6.01,96.92,28.26,1.345,5.6,7.82
4/05/2020,59.88,16.0222,15.77,16.46,8.64,6.01,97.23,27.92,1.37,5.48,7.65
5/05/2020,60.85,16.3198,16.2,16.99,8.89,6.14,100.24,28.91,1.405,5.49,7.75
6/05/2020,60.35,16.0718,15.96,16.59,8.7,6.01,99.45,29.12,1.39,5.38,7.68
7/05/2020,59.26,15.7246,15.6,16.22,8.77,5.92,99.55,28.76,1.365,5.3,7.51
8/05/2020,59.6,15.6055,15.51,16.08,8.91,5.89,105.19,30.16,1.41,5.28,7.56
11/05/2020,60.14,15.6849,15.63,15.98,9.28,6,111.54,30.1,1.425,5.46,7.64
12/05/2020,59.71,15.3773,15.23,15.52,8.83,5.79,107.01,29.44,1.405,5.4,7.49
13/05/2020,60.85,15.4369,15.31,15.64,8.82,5.66,106.39,29.65,1.425,5.42,7.34
14/05/2020,58.9,15.0301,14.95,15.24,8.49,5.64,103.16,28.68,1.39,5.38,7.4
15/05/2020,59.6,15.3178,15.26,15.46,8.7,5.7,105.08,29,1.445,5.41,7.62
18/05/2020,58.9,15.0103,14.91,15.17,8.77,5.68,102.2,29.09,1.44,5.44,7.55
19/05/2020,59.65,15.3178,15.23,15.49,8.79,5.77,105.81,29.02,1.48,5.45,7.76
20/05/2020,60.07,15.3873,15.32,15.6,8.73,5.68,104.66,30.6,1.505,5.48,7.75
21/05/2020,59.05,15.2682,15.17,15.52,8.68,5.64,103.96,30.58,1.55,5.5,7.69
22/05/2020,58.7,15.1095,15.01,15.34,8.58,5.57,102.62,30.51,1.54,5.53,7.72
25/05/2020,58.99,15.4666,15.33,15.75,8.66,5.6,106.17,30.15,1.56,5.62,8.18
26/05/2020,61.31,16.3893,16.3,16.64,9.05,5.95,108.71,30.72,1.595,5.86,8.19
27/05/2020,64.3,17.798,17.61,17.94,9.35,6.29,110.95,31.15,1.65,6,8.54
28/05/2020,65.73,18.5917,18.39,18.79,9.36,6.55,112.71,32.05,1.695,6.16,8.88
29/05/2020,63.75,17.7484,17.22,17.81,9.23,6.15,109.97,31.27,1.63,6.11,8.83
1/06/2020,63.9,17.9072,17.36,17.95,9.19,6.21,110.49,30.59,1.675,6.03,8.74
2/06/2020,64.03,17.8774,17.2,17.88,9.3,6.46,113.31,31.2,1.73,6.01,8.51
3/06/2020,66.11,18.7703,17.95,18.7,9.47,6.8,116.1,31.55,1.765,6.23,8.95
4/06/2020,67.66,19.058,18.18,18.92,9.57,6.99,117.51,33.08,1.79,6.2,8.83
5/06/2020,68.73,19.6135,18.79,19.48,9.96,7.32,118,33.11,1.79,6.18,9.08
9/06/2020,72.2,20.8338,19.88,20.47,10.28,8.01,124.4,35,1.81,6.21,9.56
10/06/2020,71.6,20.5957,19.7,20.16,10.36,7.98,124,33.95,1.845,6.19,9.31
11/06/2020,68.44,19.3159,18.5,19.07,9.6,7.57,118.45,31.59,1.755,5.85,8.64
12/06/2020,67.32,18.7703,17.89,18.59,9.3,7.29,115.6,29.17,1.715,5.64,8.3
15/06/2020,66.3,18.2643,17.38,18.1,9,6.99,113.24,27.84,1.68,5.66,8.09
16/06/2020,69.09,19.0778,18.09,18.85,9.45,7.19,120.34,29.32,1.77,5.93,8.6
17/06/2020,69.59,19.0084,18.15,18.96,9.65,7.14,121,29.57,1.74,6.02,8.58
18/06/2020,69.01,18.929,18.09,18.78,9.76,7.16,119.78,28.78,1.745,5.92,8.89
19/06/2020,68.68,18.6016,18.17,18.67,9.51,7.13,121.53,28.57,1.755,5.99,9.05
22/06/2020,69.44,18.8199,18.26,18.77,9.63,7.2,120.61,29.75,1.765,6.08,9.01
23/06/2020,69.03,18.8298,18.14,18.66,9.63,7.06,121.57,30.4,1.905,5.95,9
24/06/2020,69.24,18.681,18.06,18.55,9.62,7.07,121.59,29.99,1.85,5.88,8.86
25/06/2020,67.65,18.1056,17.42,17.91,9.18,6.84,117.19,28.76,1.775,5.69,8.55
26/06/2020,69.27,18.6512,17.99,18.4,9.54,7.07,119.19,30.14,1.86,5.84,8.88
29/06/2020,68.58,18.4131,17.79,18.11,9.22,6.96,116.43,28.34,1.825,5.67,8.77
30/06/2020,69.42,18.4925,17.95,18.22,9.23,7.01,118.6,29.67,1.855,5.77,8.86
1/07/2020,69.88,18.7306,18.28,18.56,8.85,7.07,120.74,30.75,1.885,5.59,8.8
2/07/2020,71.1,19.1076,18.61,18.9,8.96,7.1,121.96,31.96,1.87,5.75,9.34
3/07/2020,71.57,19.0381,18.54,18.74,9.26,7,122.02,31.85,1.825,5.83,9.45
6/07/2020,71.42,18.9687,18.45,18.7,9.18,7.04,123.82,31.69,1.815,5.8,9.41
7/07/2020,71.24,18.6611,18.16,18.34,9.04,6.93,122.8,31.54,1.82,5.78,9.7
8/07/2020,70.56,18.2643,17.84,17.98,8.9,6.86,121.63,30.79,1.77,5.7,9.58
9/07/2020,70.42,18.3437,17.91,18.06,8.83,6.9,121.67,30.94,1.755,5.59,9.37
10/07/2020,70.63,18.1552,17.66,17.86,8.78,6.86,119.8,30.74,1.715,5.54,9.26
13/07/2020,72.12,18.4925,17.97,18.17,8.85,6.96,122.15,30.74,1.745,5.56,9.33
14/07/2020,71.73,18.43626667,17.83,18.1,8.93,7.05,121.5,31.31,1.745,5.59,9.29
15/07/2020,72.73,18.38003333,17.98,18.18,9.2,7.02,123.81,30.95,1.755,5.66,9.59
16/07/2020,72.64,18.3238,17.81,18.07,9.2,7.09,124.74,31.74,1.75,5.59,9.36
17/07/2020,72.6,18.3238,17.89,18.1,9.21,7.15,125.18,32.58,1.76,5.66,9.37
20/07/2020,71.99,18.1056,17.68,17.81,9.05,6.78,124.38,32.08,1.74,5.57,9.26
21/07/2020,74.43,18.5718,18.12,18.26,9.24,7.13,127.84,33.42,1.755,5.76,9.67
22/07/2020,74.13,18.4627,18.01,18.11,9.16,7.07,126.8,33.34,1.735,5.68,9.83
23/07/2020,73.74,18.4528,18.09,18.23,9.31,7.14,126.61,34.57,1.74,5.77,10.23
24/07/2020,72.86,18.1453,17.76,17.98,8.98,7.01,125.79,33.61,1.71,5.32,10.4
27/07/2020,72.49,18.0857,17.72,17.95,8.78,6.94,126.6,32.76,1.71,5.04,10.55
28/07/2020,72.21,17.927,17.46,17.9,8.75,6.96,124.57,31.91,1.69,5.04,10.41
29/07/2020,73.01,18.304,17.7,18.18,8.7,7.02,124.98,31.9,1.69,4.99,10.25
30/07/2020,73.22,18.2147,17.67,18.12,8.75,7.01,126,31.3,1.68,5.14,10.22
31/07/2020,71.2,17.8179,17.09,17.66,8.55,6.88,123.49,30.33,1.465,5.09,9.91
3/08/2020,69.93,17.0837,16.49,16.94,8.49,6.56,121.99,30.11,1.465,5.1,10.02
4/08/2020,71.5,17.3714,16.79,17.14,8.85,6.77,125.24,30.79,1.45,5.21,10.33
5/08/2020,71.7,17.3218,16.63,16.91,8.52,6.64,124.44,30.3,1.425,5.14,10.08
6/08/2020,71.71,17.5004,16.76,17.04,8.58,6.68,124.92,30.94,1.445,5.07,10.09
7/08/2020,71.52,17.5401,16.76,16.96,8.55,6.67,124.68,30.45,1.415,5.03,9.94
10/08/2020,73.98,18.0262,17.32,17.46,8.75,6.86,126.42,30.49,1.395,5.01,10.05
11/08/2020,74.7,18.3437,17.78,17.88,8.84,7.03,126.21,31.51,1.38,5.04,9.97
12/08/2020,74.34,18.7008,18.19,18.28,8.88,7.15,126.93,31.79,1.38,5.12,10.06
13/08/2020,72.43,18.3933,17.95,18.01,8.82,7.02,125.76,32.43,1.53,5.1,10.74
14/08/2020,71.76,18.5322,18.04,18.22,8.81,7,126.18,32.24,1.56,5.1,10.98
17/08/2020,70.76,18.1155,17.59,17.75,8.7,6.54,126.69,31.38,1.495,5.06,10.74
18/08/2020,70.48,17.927,17.18,17.61,8.65,6.38,127.62,31.37,1.465,5.08,10.8
19/08/2020,71.04,18.5322,17.4,17.89,8.8,6.4,128.08,30.97,1.445,5.09,10.82
20/08/2020,70.26,18.3139,17.26,17.7,8.69,6.45,129.5,31.9,1.435,5.05,10.9
21/08/2020,69.63,18.2345,17.23,17.65,9.65,6.42,127.43,31.88,1.43,4.98,10.65
24/08/2020,68.95,18.0659,17.11,17.54,9.47,6.37,127.73,31.21,1.445,5.01,10.6
25/08/2020,70.45,18.6512,17.85,18.28,9.63,6.62,128.96,32,1.475,5.06,10.74
26/08/2020,69.65,18.3933,17.62,18,9.36,6.49,129.34,31.44,1.485,4.97,10.56
27/08/2020,69.07,18.1849,17.4,17.8,9.38,6.45,128.91,31.52,1.495,4.94,10.49
28/08/2020,69.09,18.2544,17.56,17.93,9.42,6.51,128.24,31.39,1.505,4.89,10.67
31/08/2020,68.28,18.1353,17.54,17.93,9.3,6.54,127.7,31,1.53,4.77,10.61
1/09/2020,66.79,17.6294,17.05,17.4,9.04,6.33,125.64,30.62,1.54,4.78,9.94
2/09/2020,67.61,17.9072,17.32,17.62,9.22,6.43,127.7,30.83,1.615,4.85,10.11
3/09/2020,68.18,18.2246,17.6,17.89,9.4,6.53,130.2,30.82,1.66,4.92,10.1
4/09/2020,66.73,17.6691,17.06,17.35,9.07,6.36,126.2,29.59,1.63,4.75,9.82
7/09/2020,67.37,17.9865,17.38,17.61,9.16,6.39,126.76,29.41,1.59,4.79,9.84
8/09/2020,68.49,18.2147,17.66,17.9,9.26,6.52,128.14,29.43,1.57,4.88,9.79
9/09/2020,66.79,17.6691,17.07,17.44,9.06,6.38,126,28.33,1.52,4.76,9.48
10/09/2020,66.72,17.5698,17,17.32,9.12,6.34,127.39,28.86,1.57,4.82,9.65
11/09/2020,65.8,17.3913,16.81,17.15,8.97,6.24,126.1,28.31,1.54,4.71,9.37
14/09/2020,66.17,17.5401,16.97,17.4,9.01,6.3,120.2,28.23,1.545,4.67,9.37
15/09/2020,65.03,17.2127,16.72,17.16,8.95,6.15,118.69,28.06,1.495,4.66,9.28
16/09/2020,65.7,17.1631,16.76,17.15,9.07,6.13,119.62,28.36,1.51,4.7,9.2
17/09/2020,65,17.1829,16.81,17.3,8.86,6.13,119.63,28.34,1.525,4.6,8.93
18/09/2020,64.37,16.9349,16.64,17.29,8.78,6.02,122.56,28.09,1.4,4.53,8.94
21/09/2020,63.5,16.7166,16.4,17.04,8.67,5.95,121.14,27.99,1.36,4.54,8.88
22/09/2020,63.07,16.3297,16.05,16.64,8.41,5.88,120,27.79,1.355,4.47,8.72
23/09/2020,64.27,16.7166,16.39,17.12,8.56,6.05,122.23,28,1.36,4.6,8.87
24/09/2020,64.2,16.7365,16.37,17.19,8.44,6.09,121.73,27.96,1.355,4.5,8.71
25/09/2020,66.13,17.7881,17.58,18.37,8.59,6.38,121.67,28.33,1.345,4.62,8.68
28/09/2020,65.49,17.5599,17.38,18.22,8.71,6.34,121.68,28.54,1.355,4.55,8.65
29/09/2020,65.02,17.4409,17.16,18.08,8.77,6.2,122.42,29.25,1.35,4.54,8.79
30/09/2020,63.61,17.0837,16.84,17.75,8.45,6.04,119.57,27.97,1.305,4.38,8.61
1/10/2020,64.04,17.2524,16.92,17.83,8.6,6.14,120.41,28.39,1.345,4.5,8.6
2/10/2020,63.72,16.9448,16.57,17.49,8.41,6,119.1,27.96,1.325,4.41,8.56
5/10/2020,65.99,17.6591,17.29,18.19,8.73,6.33,122.65,29.3,1.37,4.63,8.9
6/10/2020,66.15,17.7484,17.41,18.24,8.7,6.3,123.4,29.05,1.345,4.64,8.95
7/10/2020,67.57,18.1651,17.86,18.6,8.82,6.37,126.92,29.18,1.36,4.69,9.2
8/10/2020,68.11,18.3933,18.12,18.76,8.83,6.34,129.43,29.6,1.36,4.68,9.32
9/10/2020,67.71,18.4627,18.21,18.69,8.79,6.36,129.77,29.93,1.415,4.73,9.18
12/10/2020,68.61,18.8298,18.55,18.99,8.91,6.41,129.61,30.2,1.415,4.79,9.09
13/10/2020,69.38,19.3457,18.96,19.35,9.14,6.59,130.97,30.42,1.42,4.9,9.38
14/10/2020,68.67,19.1473,18.7,19.1,8.82,6.53,131.18,29.59,1.405,4.78,9.11
15/10/2020,69.28,19.2068,18.78,19.23,8.94,6.69,132.57,29.81,1.41,4.78,9.15
16/10/2020,69.24,19.1572,18.66,19.22,8.87,6.86,134.34,30.29,1.42,4.79,8.85
19/10/2020,70.01,19.3556,18.78,19.4,9,6.87,136.04,30.52,1.455,4.87,8.96
20/10/2020,69.14,19.1671,18.51,19.19,8.91,6.75,134.8,29.9,1.445,4.76,8.69
21/10/2020,69.67,19.4449,18.69,19.5,8.97,6.75,136.13,29.93,1.44,4.81,8.73
22/10/2020,69.33,19.3457,18.6,19.41,8.8,6.49,136.08,29.81,1.36,4.9,8.8
23/10/2020,69.9,19.6235,18.78,19.53,8.75,6.63,136.18,29.33,1.355,4.84,8.86
26/10/2020,69.71,19.5243,18.7,19.33,8.67,6.67,136.45,29.13,1.345,4.94,8.86
27/10/2020,68.75,19.3457,18.56,19.09,8.44,6.82,135.17,28.06,1.3,4.82,8.51
28/10/2020,68.45,19.0084,18.31,18.88,8.44,6.7,131.55,27.87,1.305,4.73,8.39
29/10/2020,68.14,18.552,17.95,18.6,8.24,6.56,127.84,27.57,1.28,4.65,8.25
30/10/2020,69.02,18.6611,17.91,18.6,8.21,6.69,126.75,27.2,1.53,4.77,8.25
2/11/2020,68.87,19.1076,17.8,18.82,8.12,6.78,127.37,27.03,1.68,4.68,8.24
3/11/2020,69.82,19.3159,17.7,18.9,8.22,6.94,130.83,27.82,1.66,4.8,8.59
4/11/2020,68.41,19.1473,17.35,18.7,8.19,6.83,132.87,27.99,1.665,4.76,8.59
5/11/2020,69.67,19.3159,17.7,19.31,8.19,6.92,132.45,27.68,1.67,4.83,8.5
6/11/2020,69.79,19.4449,17.77,19.57,8.3,6.91,135.45,27.67,1.7,4.85,8.78
9/11/2020,70.31,19.0679,17.76,19.76,8.57,6.92,136.44,28.28,1.71,5.01,9.24
10/11/2020,72.4,20.0302,18.68,21.26,9.15,7.21,139.18,30.3,1.695,5.19,9.86
11/11/2020,74.4,20.6652,18.73,21.82,9.5,7.45,142.04,30.29,1.72,5.33,10.12
12/11/2020,73.07,20.437,18.38,21.3,9.41,7.4,141.02,29.5,1.73,5.31,9.93
13/11/2020,73.14,20.4171,18.34,21.2,9.16,7.43,141.17,29.09,1.74,5.23,9.73
16/11/2020,74.5,21.0322,18.6,21.5,9.26,7.61,141,29.25,1.745,5.31,9.9
17/11/2020,75.39,21.5481,19.02,21.84,9.73,7.95,139.68,30.44,1.73,5.41,10.32
18/11/2020,77.55,21.8358,19.45,22.29,9.72,8.3,139.18,30.18,1.74,5.46,10.41
19/11/2020,78.87,22.2723,19.9,22.7,9.43,8.52,138.01,32.48,1.74,5.36,10
20/11/2020,80,22.1632,19.91,22.73,9.68,8.51,136.67,31.8,1.71,5.24,9.91
23/11/2020,79.6,22.1037,19.93,22.74,9.69,8.5,139.7,31.86,1.71,5.13,9.95
24/11/2020,81.16,22.7882,20.45,23.33,9.9,8.8,139.61,32.95,1.725,5.25,10.29
25/11/2020,82.37,23.4728,20.89,24.05,10.21,9.19,141.04,33.86,1.73,5.34,10.41
26/11/2020,81.09,23.066,20.61,23.48,10.21,9.12,138.27,33.98,1.73,5.28,10.33
27/11/2020,80.71,22.9073,20.43,23.32,10.18,9.13,137.49,33.74,1.74,5.32,10.27
30/11/2020,79.07,22.4608,20.13,22.89,10.09,8.9,138.67,33.47,1.71,5.15,10
1/12/2020,80.25,22.6989,20.28,23.04,10.13,8.94,140.19,34.01,1.73,5.25,10.15
2/12/2020,80.1,22.8477,20.3,23,10.15,8.99,138.34,33.98,1.765,5.27,10.08
3/12/2020,79.56,22.8279,20.2,22.97,10.1,8.97,138.6,34.1,1.71,5.15,9.94
4/12/2020,80.18,23.1156,20.27,23.13,10.16,9.24,141.82,34.3,1.72,5.12,9.97
7/12/2020,80.74,23.1553,20.27,23.25,10.2,9.23,140.95,34.5,1.74,5.2,9.96
8/12/2020,81.81,23.2148,20.14,23.31,10.2,9.2,141.03,34.11,1.74,5.22,9.94
9/12/2020,83.18,23.1156,20.07,23.44,10.18,9.23,139.77,34.04,1.74,5.2,9.95
10/12/2020,83.09,22.9866,19.99,23.54,10.15,9.25,139.15,36.02,1.74,5.15,9.88
11/12/2020,82.39,22.7585,19.95,23.33,10.02,9.38,138.08,34.82,1.715,5.08,9.76
14/12/2020,83.92,22.9966,20.03,23.55,10.16,9.5,137.8,34.83,1.745,5.12,9.86
15/12/2020,83.07,22.7882,19.93,23.38,10.15,9.34,137.53,34.77,1.735,5.13,9.93
16/12/2020,83.85,23.0958,20.09,23.61,10.07,9.34,138.42,34.77,1.72,5.09,9.9
17/12/2020,84.72,23.3934,20.21,23.85,10.04,9.46,141.58,35.58,1.735,5.08,9.95
18/12/2020,83.16,23.0561,19.9,23.37,9.74,9.36,137.96,34.85,1.695,4.91,8.71
21/12/2020,83,23.1255,19.88,23.3,9.88,9.45,137.65,35.27,1.615,4.85,8.75
22/12/2020,82.42,22.7287,19.56,22.93,9.8,9.43,137.25,34.52,1.605,4.74,8.7
23/12/2020,83.18,22.9172,19.56,22.98,9.94,9.45,138.88,34.94,1.58,4.79,8.8
24/12/2020,83.15,22.8477,19.55,23,9.92,9.48,140.11,35.04,1.595,4.82,8.86
29/12/2020,84.01,22.9767,19.66,23.11,9.97,9.5,140.52,35.31,1.595,4.84,8.81
30/12/2020,83.59,22.8874,19.66,23.03,9.9,9.49,140.49,35.01,1.59,4.78,8.69
31/12/2020,82.11,22.5204,19.37,22.6,9.74,9.32,138.48,34.76,1.56,4.7,8.53
4/01/2021,83.75,22.8577,19.63,22.93,9.85,9.45,140,35.15,1.56,4.72,8.55
5/01/2021,83.23,22.7882,19.52,22.69,9.77,9.42,139.11,34.8,1.535,4.65,8.33
6/01/2021,82.9,22.5997,19.37,22.41,9.96,9.4,135.82,35,1.57,4.7,8.34
7/01/2021,84.58,23.4529,19.99,23.04,10.25,9.75,138.45,36.21,1.615,4.75,8.56
8/01/2021,85.63,23.6513,20.28,23.35,10.26,9.76,140.95,36.39,1.61,4.75,8.56
11/01/2021,85.16,23.6613,20.29,23.21,10.39,9.74,140.01,36,1.6,4.9,8.47
12/01/2021,85.88,23.8597,20.49,23.46,10.7,9.77,138.79,36.22,1.61,5,8.58
13/01/2021,85.97,23.9688,20.6,23.48,10.73,9.89,136.96,36.25,1.58,5.04,8.72
14/01/2021,86.33,24.4053,21.03,23.78,10.56,9.86,138.3,35.97,1.58,5.1,8.73
15/01/2021,85.38,24.4648,21.35,24.14,10.42,9.88,137.33,35.52,1.565,5.05,8.57
18/01/2021,84.67,24.0878,21.19,23.65,10.32,9.68,136.65,35.38,1.55,5.02,8.08
19/01/2021,85.11,24.4847,21.6,24.02,10.54,9.69,138.83,35.65,1.555,5.07,8.18
20/01/2021,84.37,24.2664,21.58,23.91,10.56,9.69,138.44,35.43,1.555,5.12,8.3
21/01/2021,85.32,24.5442,21.82,24.3,10.56,9.64,139.45,35.89,1.565,5.12,8.44
22/01/2021,85.09,24.445,21.78,24.12,10.45,9.57,137.1,34.16,1.555,5,8.45
25/01/2021,85.27,24.4847,21.79,24.13,10.42,9.59,137.08,33.67,1.55,4.98,8.39
27/01/2021,86.6,24.3557,21.66,24.22,10.49,9.69,135.64,33.19,1.525,4.97,8.31
28/01/2021,85.14,24.0283,21.46,23.92,10.33,9.55,133.4,32.06,1.47,4.96,8.14
29/01/2021,83.51,23.5224,21.13,23.54,10.08,9.2,131.4,32.27,1.485,4.85,8.03
1/02/2021,84.68,23.8696,21.21,23.81,10.05,9.36,132.13,31.91,1.5,4.86,8.07
2/02/2021,86.59,24.1573,21.42,24.24,10.19,9.41,134.29,32.59,1.51,4.87,8.26
3/02/2021,87.59,24.6037,21.75,24.71,10.22,9.77,135.11,33.3,1.55,4.97,8.4
4/02/2021,87.06,24.5839,21.71,24.7,10.14,9.78,134.7,33.43,1.53,4.86,8.31
5/02/2021,88.64,25.0899,22.15,25.23,10.51,9.93,134.52,34.04,1.575,4.94,8.65
8/02/2021,88.62,25.199,22.45,25.46,10.44,9.85,134.25,33.74,1.56,4.94,8.5
9/02/2021,87.42,24.7327,22.17,25.03,10.73,9.57,143.14,33.13,1.525,5.06,8.49
10/02/2021,86.12,24.6434,22.23,24.98,10.57,9.65,147.37,32.94,1.54,5.29,8.73
11/02/2021,87.05,24.693,22.29,25.05,10.51,9.58,146.21,32.39,1.37,5.35,8.78
12/02/2021,86.87,24.6236,22.14,24.93,10.52,9.49,144.28,32.74,1.32,5.34,8.66
15/02/2021,86.31,25.0204,22.4,25.29,10.29,10.56,145.38,33.06,1.34,5.31,8.7
16/02/2021,85.91,25.2684,22.51,25.56,10.24,11.28,146.99,33.55,1.36,5.2,8.79
17/02/2021,84.28,25.6157,23.54,25.6,10.24,11.07,145.67,33.48,1.38,5.14,8.76
18/02/2021,83.62,26.3399,24.37,25.53,9.87,10.35,145.56,31.4,1.35,5.05,8.72
19/02/2021,82.51,26.3994,24.09,25.11,9.8,10.03,142.26,30.74,1.35,4.95,8.99
22/02/2021,81.9,26.2903,23.72,24.57,9.73,9.87,147.15,30.48,1.335,4.92,9.49
23/02/2021,83.29,26.5978,24.16,24.85,9.94,9.96,148.37,31.12,1.36,5.07,9.55
24/02/2021,82.78,26.4193,24.05,24.9,10.09,9.91,146.9,31.81,1.375,5.03,9.42
25/02/2021,83.7,26.5581,24.36,25.15,10.26,10.1,145.32,31.66,1.395,5.11,9.52
26/02/2021,81.56,25.9629,23.82,24.64,9.94,9.77,142.48,30.66,1.5,4.99,9.29
1/03/2021,84.11,26.3796,24.19,25.14,10.1,9.88,145.35,31.31,1.45,4.96,9.24
2/03/2021,84.49,26.6772,24.16,25.26,10.26,9.97,146.84,31.27,1.44,4.93,9.24
3/03/2021,85.4,27.3419,24.53,25.7,10.2,10.23,147.74,31.89,1.45,4.88,9.28
4/03/2021,86.38,28.1653,24.84,26.31,10.23,10.25,146.43,31,1.415,4.88,9.54
5/03/2021,86.45,28.6118,24.87,26.39,10.11,10.25,144.2,30.26,1.41,4.82,9.43
8/03/2021,87.32,28.4927,24.74,26.43,10.23,10.31,148.45,31.14,1.43,4.81,9.4
9/03/2021,87.89,28.8697,24.92,26.65,10.53,10.19,152.05,32.27,1.465,4.62,9.76
10/03/2021,86.72,28.2844,24.6,26.24,10.53,10.13,150.36,32,1.46,4.56,9.59
11/03/2021,86.45,27.9967,24.53,26.12,10.57,10.1,148.65,32.04,1.43,4.62,9.63
12/03/2021,86.49,28.0165,24.45,26.1,10.65,10.02,149.6,32.18,1.425,4.65,9.66
15/03/2021,86.4,28.1752,24.58,26.14,10.61,9.81,149.74,32.36,1.455,4.66,9.75
16/03/2021,87.18,28.334,24.73,26.25,10.59,9.82,151.06,32.35,1.46,4.68,9.78
17/03/2021,87.11,28.1455,24.67,26.24,10.34,9.74,151.36,32.49,1.425,4.74,9.69
18/03/2021,85.75,27.9173,24.44,26.01,10.1,9.6,151.44,33.54,1.415,4.77,9.67
19/03/2021,84.71,28.0066,24.52,25.93,10.13,9.68,148.8,33.71,1.41,4.86,9.78
22/03/2021,85.08,28.1455,24.66,26.12,9.92,9.77,150.91,32.87,1.415,4.75,9.49
23/03/2021,84.77,27.7784,24.43,25.94,9.88,9.63,151.02,33.18,1.395,4.78,9.59
24/03/2021,86.37,27.7784,24.19,25.84,9.99,9.6,151.51,32.87,1.385,4.84,9.64
25/03/2021,86.54,27.6792,24.12,25.97,9.9,9.65,152.77,32.68,1.3325,4.8,9.52
26/03/2021,86,27.9471,24.34,26.17,9.92,9.86,153.4,33.31,1.345,4.79,9.65
29/03/2021,85.57,27.7685,24.34,26.13,9.88,9.94,151.46,33.14,1.3,4.72,9.56
30/03/2021,85.4,27.8776,24.36,25.91,9.75,9.89,150.56,32.26,1.285,4.63,9.46
31/03/2021,86.1,27.957,24.41,26,9.9,10.06,152.83,32.99,1.265,4.68,9.62
1/04/2021,86.21,28.0165,24.54,26.1,10.25,9.97,152.12,33.03,1.325,4.79,9.78
6/04/2021,86.03,28.1256,24.7,26.23,10.11,10.06,152.18,33.41,1.26,4.83,9.77
7/04/2021,86.53,28.2149,24.84,26.34,10.32,10.11,151.69,33.43,1.245,4.83,9.72
8/04/2021,87.12,28.5126,25.16,26.63,10.32,10.23,153.61,34.34,1.28,4.93,9.93
9/04/2021,87.13,28.5126,25.21,26.72,10.34,10.22,154.8,34.06,1.26,4.89,9.78
12/04/2021,86.72,28.6415,25.3,26.83,10.36,10.3,153.92,34.08,1.26,4.83,9.73
13/04/2021,87.19,28.6713,25.31,26.79,10.37,10.19,154.25,34.35,1.24,4.82,9.78
14/04/2021,87.8,28.6614,25.33,26.72,10.25,10.27,155.31,34.35,1.23,4.75,9.77
15/04/2021,87.91,28.6911,25.5,26.84,10.46,10.39,157.85,34.37,1.22,4.82,9.91
16/04/2021,87.99,28.5919,25.32,26.72,10.45,10.26,156.25,34.17,1.19,4.86,9.77
19/04/2021,88.84,28.701,25.36,26.68,10.43,10.33,157.28,34.34,1.18,4.82,9.65
20/04/2021,87.74,28.4332,25.24,26.5,10.4,10.35,156,34.32,1.2,4.81,9.56
21/04/2021,88.17,28.1951,24.98,26.21,10.38,10.32,155.84,34.03,1.165,4.75,9.51
22/04/2021,89.14,28.3538,25.11,26.39,10.32,10.43,156.4,33.8,1.125,4.69,9.43
23/04/2021,89.39,28.4729,25.12,26.46,10.4,10.59,158.45,33.91,1.135,4.66,9.47
26/04/2021,89.05,28.4629,25.08,26.66,10.38,10.52,158.24,35.39,1.14,4.7,9.35
27/04/2021,89.33,28.7209,24.99,26.61,10.41,10.48,158.85,35.2,1.12,4.74,9.2
28/04/2021,90.21,28.8697,25.3,26.91,10.49,10.46,160.88,35.19,1.095,4.87,9.52
29/04/2021,90,28.711,25.19,26.77,10.64,10.41,160.52,35.1,1.135,4.92,9.74
30/04/2021,89.04,28.5126,24.98,26.66,10.51,10.33,160.49,34.65,1.115,4.9,9.86
3/05/2021,89.7,28.8697,26.23,27.23,10.58,10.52,160.19,34.24,1.09,4.87,9.99
4/05/2021,90.45,28.6018,25.99,27.25,10.69,10.49,160.28,34.49,1.085,4.93,10.04
5/05/2021,92.72,27.6792,25.96,27.37,10.84,10.47,161.11,35.15,1.075,5.04,10.45
6/05/2021,92.94,27.4312,26.02,26.56,10.94,10.27,159,35.59,1.07,5.14,10.78
7/05/2021,93.92,27.5304,26.09,26.78,10.98,10.33,158.45,35.58,1.075,5.13,10.63
10/05/2021,95.15,27.1633,26.42,27.09,11.06,10.43,158.21,35.55,1.125,5.1,10.68
11/05/2021,94.58,26.8558,26.08,26.81,10.98,10.39,155.94,35.22,1.09,5.08,10.58
12/05/2021,95.57,26.707,25.77,26.54,10.4,10.01,154.26,34.6,1.08,4.97,10.5
13/05/2021,95.98,26.9351,25.19,25.96,10.3,10.18,154.86,34.64,1.07,4.93,10.59
14/05/2021,96.58,27.203,25.41,26.22,10.29,10.21,158.34,35.02,1.09,4.91,10.52
17/05/2021,97.79,27.0939,25.33,26.05,10.25,10.29,150.59,35.28,1.095,4.83,10.45
18/05/2021,97.76,27.4808,25.46,26.37,10.61,10.26,154.13,35.28,1.095,4.86,10.63
19/05/2021,95.32,27.0939,25.18,26.02,10.53,10.11,149.97,34.37,1.065,4.8,10.35
20/05/2021,98.4,27.6395,25.52,26.44,10.61,10.33,150.36,34.98,1.09,4.85,10.51
21/05/2021,98.05,27.7784,25.65,26.47,10.63,10.28,151.28,35.53,1.125,4.85,10.59
24/05/2021,98.76,27.9371,25.98,26.65,10.67,10.26,149.17,35.61,1.085,4.88,10.7
25/05/2021,99.63,28.2248,26.2,26.88,10.87,10.38,152.92,36.77,1.075,4.93,10.86
26/05/2021,99.58,28.2745,26.27,26.82,10.95,10.36,152.61,36.11,1.065,4.96,10.82
27/05/2021,98.97,28.3141,26.09,26.71,11.04,10.24,151.77,37.25,1.155,4.89,10.97
28/05/2021,100.56,28.6316,26.46,27.09,11.17,10.47,152.47,38.06,1.175,4.99,11.02
31/05/2021,99.72,28.4828,26.42,26.95,11.12,10.35,151.93,37.72,1.125,5.02,10.95
1/06/2021,99.46,28.086,26.2,26.73,11.03,10.26,150.38,37.8,1.115,4.96,10.94
2/06/2021,100.33,28.1256,26.22,26.88,11.15,10.36,151.99,38.13,1.12,5.04,11.12
3/06/2021,101.21,28.5423,26.5,27.12,11.2,10.36,152.44,38.43,1.12,5.1,11.13
4/06/2021,102.52,28.9689,26.87,27.51,11.3,10.89,154,38.72,1.15,5.23,11.33
7/06/2021,101.93,28.5919,26.63,26.64,11.24,10.78,153.49,38.6,1.175,5.24,11.3
8/06/2021,101.48,28.5324,26.73,26.77,11.24,10.72,153.42,39,1.175,5.25,11.25
9/06/2021,101.08,28.5026,26.55,26.56,11.26,10.64,151.41,38.71,1.165,5.22,11.23
10/06/2021,101.85,28.4629,26.59,26.62,11.29,10.54,152.51,38.97,1.205,5.23,11.47
11/06/2021,101.36,28.0264,26.29,26.46,11.22,10.44,151.56,38.88,1.22,5.22,11.32
15/06/2021,103.45,28.4332,26.55,26.67,11.2,10.47,153.88,39.21,1.22,5.11,11.34
16/06/2021,104.82,28.6911,26.55,26.86,11.34,10.62,154.97,39.12,1.235,5.17,11.37
17/06/2021,105.91,28.9987,26.94,27.01,11.37,10.81,154.02,38.71,1.225,5.22,11.47
18/06/2021,103.69,28.7507,26.88,26.87,11.32,10.91,154.26,39.01,1.245,5.24,11.52
21/06/2021,98.06,27.8578,26.15,26.42,11.04,10.33,150.9,38.11,1.17,5.07,10.91
22/06/2021,100.23,28.453,26.61,26.73,11.28,10.68,153.56,38.67,1.18,5.21,11.26
23/06/2021,99.2,28.0463,26.08,26.37,11.08,10.44,153.4,38.65,1.16,5.08,11.15
24/06/2021,98.65,27.8181,25.83,26.09,10.9,10.23,152.45,38.86,1.16,5.05,10.99
25/06/2021,99.26,28.0562,25.89,26.18,11.01,10.35,154.93,39.21,1.195,5.06,11.08
28/06/2021,99.87,27.9669,25.82,26.12,10.96,10.4,154.9,39.04,1.17,5.09,10.92
29/06/2021,100.48,28.0165,25.86,26.11,10.9,10.52,155.5,38.96,1.15,5.02,10.77
30/06/2021,99.87,27.9272,25.81,26.22,11.11,10.49,156.43,40.05,1.125,5.16,10.79
1/07/2021,98.7,27.8082,25.65,26.04,10.98,10.3,154.73,39.6,1.13,5.01,10.72
2/07/2021,99.49,28.0959,25.64,26.23,11.11,10.56,156.91,40.38,1.135,5.06,10.66
5/07/2021,99.18,27.8677,25.53,26.15,11.18,10.35,156.96,39.79,1.115,5.06,10.51
6/07/2021,98.62,27.7982,25.45,26.1,11.18,10.21,155.8,38.65,1.1,4.98,10.54
7/07/2021,99.71,27.9173,25.6,26.31,11.25,10.18,156.46,38.59,1.12,4.95,10.65
8/07/2021,99.49,27.7189,25.53,26.21,11.36,10.27,157.17,38.75,1.12,4.98,10.68
9/07/2021,98.59,27.6296,25.37,26.08,11.27,10.21,154.19,38.25,1.11,4.87,10.5
12/07/2021,99.17,27.7486,25.52,26.22,11.38,10.34,155.59,38.58,1.13,4.91,10.65
13/07/2021,98.39,27.5998,25.33,26.24,11.32,10.33,155.11,38.44,1.12,4.85,10.71
14/07/2021,98.78,27.4312,25.27,26.26,11.38,10.22,155.02,38.99,1.12,4.91,10.72
15/07/2021,98.31,27.2724,24.99,26.02,11.39,10.12,153.71,38.73,1.11,4.92,10.69
16/07/2021,98.19,27.2129,24.91,25.96,11.5,10.12,155.49,39.1,1.1,4.93,10.72
19/07/2021,97.68,26.9351,24.69,25.65,11.37,10.11,153.71,38.15,1.075,4.83,10.59
20/07/2021,97.61,27.1038,24.52,25.47,11.24,10.05,153.21,37.98,1.06,4.83,10.43
21/07/2021,98.42,27.4312,24.76,25.74,11.48,10.21,155.17,38.29,1.07,4.85,10.58
22/07/2021,99.88,27.7784,24.93,26.04,11.46,10.3,157.47,38.46,1.085,4.86,10.73
23/07/2021,99.12,27.4709,24.71,26.04,11.4,10.25,157.7,38.4,1.09,4.91,10.63
26/07/2021,99.14,27.451,24.62,25.94,11.4,10.24,158.88,37.68,1.075,5.02,10.78
27/07/2021,100.71,27.6891,24.79,25.98,11.52,10.28,157.78,37.78,1.075,4.95,10.83
28/07/2021,99.3,27.5205,24.56,25.91,11.56,10.26,156.68,37.26,1.065,4.9,10.71
29/07/2021,99.45,27.5304,24.52,25.77,11.57,10.3,157.13,37.87,1.065,4.9,10.82
30/07/2021,99.65,27.4907,24.52,25.93,11.54,10.33,156.9,37.52,1.04,4.85,10.89
2/08/2021,101.66,27.9867,25.03,26.55,11.8,10.53,157.8,38.61,1.075,4.91,11.1
3/08/2021,101.45,27.7883,24.8,26.34,11.84,10.43,156.06,38.8,1.07,4.87,10.99
4/08/2021,102.23,27.8479,24.84,26.32,11.85,10.45,155.61,38.66,1.065,4.86,11.03
5/08/2021,103.41,28.0066,24.89,26.54,11.8,10.58,157.07,38.57,1.065,4.87,11.07
6/08/2021,103.75,28.2745,25.12,26.69,11.86,10.64,157.78,38.61,1.065,4.99,11.22
9/08/2021,104.94,28.6614,25.36,26.92,12.79,10.7,158.75,38.79,1.065,5.22,11.58
10/08/2021,106.56,28.6514,25.58,26.97,12.8,10.84,159.1,38.74,1.065,5.28,11.63
11/08/2021,108.17,28.9987,25.77,27.22,12.79,10.97,159.97,39.6,1.08,5.14,11.57
12/08/2021,105.88,29.1177,25.76,27.27,12.78,11.01,163.13,39.53,1.115,5.45,12.51
13/08/2021,104.03,29.2963,26.16,27.7,12.37,11.1,164.48,39.73,1.155,5.43,12.58
16/08/2021,102.54,28.5026,25.79,27.72,12.37,10,163.25,39.43,1.1,5.42,12.54
17/08/2021,99,28.1951,25.45,27.45,12.33,9.86,162.74,39.47,1.065,5.31,12.45
18/08/2021,99.77,28.2447,25.81,27.63,12.35,9.95,163.65,39.47,1.055,5.3,12.64
19/08/2021,99.22,28.1356,25.82,27.51,12.32,9.99,164.98,39.12,1.065,5.38,12.38
20/08/2021,99.27,28.086,25.76,27.41,12.29,9.8,163.57,38.91,1.06,5.4,12.21
23/08/2021,100.17,28.0959,25.78,27.39,12.25,9.81,164.13,39,1.075,5.35,11.87
24/08/2021,99.91,28.1653,25.91,27.4,12.26,9.9,165,39.29,1.085,5.42,12.02
25/08/2021,100.32,28.2447,26.15,27.68,12.16,9.93,164.41,40.24,1.12,5.36,12.04
26/08/2021,100.99,28.2248,26.01,27.53,12.19,9.99,164.36,40.78,1.125,5.35,12
27/08/2021,101.54,28.0959,25.99,27.64,12.41,10.01,165.6,40.87,1.13,5.38,12.03
30/08/2021,100.42,27.7784,25.8,27.54,12.45,10.07,165.99,41.5,1.11,5.34,11.87
31/08/2021,100.12,27.6296,25.82,27.73,12.48,10.04,166.74,42.27,1.1,5.24,11.83
1/09/2021,101,27.7586,26.11,28.34,12.56,10.12,166.8,41.66,1.1,5.29,12.05
2/09/2021,101.37,27.6891,26.03,28.49,12.52,10.09,168.05,40.79,1.09,5.31,11.7
3/09/2021,101.84,27.6494,26.02,28.7,12.66,9.94,169.18,41.38,1.12,5.4,11.7
6/09/2021,102.16,27.8875,25.99,28.86,12.83,9.88,170.1,41.29,1.105,5.45,11.84
7/09/2021,102.14,27.8578,26.03,28.67,12.82,9.78,171.1,41.47,1.085,5.42,11.99
8/09/2021,102.92,27.7982,26.09,28.85,12.94,9.89,179.13,41.78,1.085,5.39,11.94
9/09/2021,100.55,27.2923,25.6,28.4,12.66,9.62,175.34,41.62,1.05,5.26,11.74
10/09/2021,101.09,27.3717,25.65,28.45,12.7,9.64,174.23,42.26,1.055,5.33,11.84
13/09/2021,101.3,27.4014,25.64,28.18,12.55,9.56,175.06,42.16,1.035,5.26,11.93
14/09/2021,101.58,27.4907,25.72,28.23,12.72,9.58,178.31,41.52,1.025,5.24,11.97
15/09/2021,101.41,27.3915,25.79,28.14,12.59,9.5,178.01,40.59,1,5.15,11.72
16/09/2021,102.85,27.6494,26,28.2,12.6,9.68,179.86,40.78,1,5.1,11.7
17/09/2021,102.88,27.4808,25.88,27.89,12.48,9.61,180.17,40.18,0.99,5.05,11.61
20/09/2021,100.81,26.9252,25.3,27.34,12.4,9.31,173.69,38.6,0.945,5,11.27
21/09/2021,100.34,26.9351,25.19,27.1,12.43,9.24,171.93,38.06,0.93,5.02,11.27
22/09/2021,99.64,26.8756,24.91,26.91,12.17,9.19,172.58,37.65,0.92,4.87,11.2
23/09/2021,100.8,27.1633,25.07,27.07,12.37,9.35,177.08,38.29,0.965,4.84,11.5
24/09/2021,101.7,27.1931,25.25,27.35,12.45,9.36,178.6,38.23,0.985,4.8,11.7
27/09/2021,104.59,27.5502,25.46,27.58,12.52,9.49,180.78,39.09,0.985,4.81,11.72
28/09/2021,104,27.4014,25.31,27.49,12.45,9.4,181.07,39.23,1.03,4.82,11.6
29/09/2021,102.62,27.2724,25.17,27.24,12.45,9.26,177.97,38.23,1,4.9,11.43
30/09/2021,104.33,27.9272,26,27.83,12.56,9.45,182,38.23,0.99,4.92,11.66
1/10/2021,100.08,27.2228,25.41,27.27,12.37,9.31,176.7,36.97,1.025,4.86,11.31
4/10/2021,105.16,27.8082,25.95,27.8,12.58,9.47,178.12,37.41,1.06,4.94,11.41
5/10/2021,105.5,27.6098,25.81,27.78,12.56,9.37,178.42,35.95,1.03,5.02,11.5
6/10/2021,103.42,27.3121,25.65,27.55,12.63,9.3,177.71,35.8,1.03,5.08,11.82
7/10/2021,103.41,27.5899,26.01,27.99,12.56,9.45,180.66,36.38,1.055,5.12,12.01
8/10/2021,104.45,27.7387,25.96,28.38,12.69,9.5,182.28,36.7,1.08,5.19,12.23
11/10/2021,104.69,27.8677,26.06,28.4,12.77,9.53,181.52,36.42,1.105,5.35,11.94
12/10/2021,104.89,27.6693,25.63,28.46,12.72,9.45,183.11,36.08,1.13,5.27,11.7
13/10/2021,103.22,27.5601,25.3,28.54,12.77,9.31,184,36.21,1.13,5.23,11.82
14/10/2021,101.91,27.3617,25.27,28.58,12.52,9.43,182.87,36.4,1.105,5.08,11.71
15/10/2021,102.28,27.6494,25.39,28.65,12.49,9.43,189.56,37.07,1.13,4.92,11.63
18/10/2021,103.94,28.0165,25.58,28.79,12.54,9.48,190.43,37.46,1.125,4.9,11.74
19/10/2021,103.89,27.9272,25.48,28.65,12.33,9.34,192.2,37.41,1.105,4.88,11.57
20/10/2021,105.03,28.1653,25.68,28.83,12.3,9.38,196,37.46,1.12,5.01,11.78
21/10/2021,104.95,28.0165,25.83,28.9,12.29,9.41,197.84,40.38,1.165,5.04,11.87
22/10/2021,104.88,27.9867,25.74,28.86,12.3,9.35,199.06,40.95,1.165,5.11,11.83
25/10/2021,105.46,28.0959,25.71,28.74,12.2,9.37,200.47,38.83,1.165,5.04,11.92
26/10/2021,105.1,28.1852,25.79,28.9,12.09,9.3,200.57,38.32,1.155,5.04,12.01
27/10/2021,106.1,28.1653,25.95,29.3,12.1,9.38,199.31,38.74,1.14,5.03,12.17
28/10/2021,106.86,28.3737,26.23,29.45,12.02,9.45,197.83,37.81,1.105,4.94,12.1
29/10/2021,104.68,27.9173,25.67,28.71,11.72,9.25,198.25,37.66,1.08,4.8,11.83
1/11/2021,106.29,27.9272,23.78,28.45,11.8,9.28,198.67,38.2,1.1,4.84,12.12
2/11/2021,105.76,27.6197,23.13,28.2,11.31,9.13,195.64,38.05,1.075,4.5,11.83
3/11/2021,107,28.2447,23.15,28.58,11.35,9.28,199.28,37.46,1.175,4.45,11.98
4/11/2021,108.5,28.4927,23.2,28.7,11.6,9.42,201.94,37.21,1.19,4.56,12.14
5/11/2021,109.71,28.5721,22.55,28.93,11.49,9.35,202.42,37.15,1.18,4.63,12.04
8/11/2021,110.13,28.1256,22.84,29.11,11.55,9.38,200.9,37.31,1.2,4.67,11.94
9/11/2021,108.81,27.6891,22.52,28.89,11.23,9.14,200,37,1.175,4.58,11.67
10/11/2021,108.91,27.8975,22.71,30.15,11.11,9.22,199.97,36.84,1.17,4.49,11.49
11/11/2021,107.17,27.8479,22.68,29.66,11.23,9.14,198.52,36.94,1.145,4.46,11.56
12/11/2021,108.12,28.0364,22.69,29.87,11.15,9.12,201.26,36.99,1.17,4.45,11.56
15/11/2021,108.01,28.2447,22.83,29.4,11.09,9.14,203.16,37.07,1.16,4.42,11.68
16/11/2021,107.68,28.1951,22.75,29.23,11.02,9.06,202.5,36.29,1.13,4.37,11.73
17/11/2021,98.99,27.6197,22.37,28.91,10.99,9.07,203.63,36.61,1.155,4.36,11.93
18/11/2021,97.46,27.2625,22.15,28.71,11.1,8.95,205.77,36.48,1.155,4.51,12
19/11/2021,97.81,27.0839,22.14,28.57,11.03,8.81,208,36.45,1.135,4.53,12.2
22/11/2021,95.8,26.5482,21.68,28.23,11.02,8.73,205.91,36.53,1.165,4.55,12.23
23/11/2021,96.82,27.0542,21.81,28.47,11.23,8.86,206.3,36.38,1.12,4.64,12.38
24/11/2021,97.18,27.2923,21.8,28.45,11.09,8.91,203.25,36.04,1.1,4.55,12.41
25/11/2021,95.77,27.0542,21.63,28.32,11.08,8.61,201.78,35.72,1.045,4.51,12.25
26/11/2021,94.81,26.8558,21.08,27.65,10.8,8.53,195.28,34.43,1,4.42,11.92
29/11/2021,93.78,26.4093,20.92,27.2,10.65,8.58,194.01,34.2,1.005,4.37,11.6
30/11/2021,93.18,26.4887,20.52,27.3,10.82,8.57,196.74,34.33,1.035,4.43,11.62
1/12/2021,93.88,26.4292,20.62,27.38,10.72,8.57,195.69,33.93,0.98,4.42,11.74
2/12/2021,95.9,26.4788,20.46,27.6,10.74,8.49,198.56,33.7,0.94,4.4,11.69
3/12/2021,96.61,26.8161,20.7,27.96,10.82,8.51,199.7,34.22,0.945,4.47,12.01
6/12/2021,97.24,26.826,20.72,28.04,10.73,8.53,200.04,33.63,0.92,4.3,11.84
7/12/2021,97.63,27.2427,20.95,28.34,10.83,8.67,200.38,34.41,0.92,4.36,11.91
8/12/2021,97.95,27.4411,21.07,28.63,10.85,8.72,202.99,34.89,0.945,4.48,12.19
9/12/2021,98.16,27.3915,21.02,28.69,10.87,8.71,201.92,35.14,0.96,4.5,12.09
10/12/2021,97.9,27.2526,20.85,28.63,10.85,8.77,201.96,36.13,0.945,4.4,11.96
13/12/2021,98.03,27.1534,20.82,28.49,10.73,8.72,202.6,35.68,0.94,4.24,11.57
14/12/2021,97.54,27.2625,20.93,28.46,10.8,8.8,204.14,35.45,0.925,4.34,11.67
15/12/2021,96.93,27.3717,20.99,28.59,10.76,8.78,203.8,35.38,0.925,4.25,11.57
16/12/2021,96.79,27.2129,20.96,28.75,10.65,8.71,207.53,35.51,0.91,4.25,11.3
17/12/2021,99.12,27.4113,21.03,28.83,10.83,8.8,205.37,35.54,0.905,4.29,11.32
20/12/2021,99.2,27.0343,21.01,28.53,11,8.82,202.5,34.79,0.92,4.23,11.36
21/12/2021,99.59,27.1038,21.05,28.72,10.85,8.87,203.07,35.03,0.925,4.24,11.29
22/12/2021,99.78,27.0145,21.07,28.54,10.89,8.91,203,35.54,0.94,4.23,11.32
23/12/2021,100.11,27.1832,21.18,28.71,11.07,8.93,204.19,35.66,0.94,4.26,11.32
24/12/2021,100.63,27.2427,21.2,28.89,11.06,9.04,204.25,36.1,1,4.27,11.29
29/12/2021,101.9,27.6594,21.46,29.25,11.16,9.14,207.21,36.63,0.99,4.33,11.53
30/12/2021,102.27,27.5998,21.5,29.32,11.26,9.15,207.36,36.84,1,4.32,11.49
31/12/2021,101,27.2923,21.35,28.84,11.07,9.1,205.4,35.97,1.01,4.26,11.35
4/01/2022,102.51,27.7784,21.66,29.4,11.5,9.3,211.34,36.99,1.005,4.46,11.92
5/01/2022,103.2,27.8379,21.84,29.61,11.44,9.25,215.73,36.78,1.01,4.39,12
6/01/2022,99.97,27.4609,21.48,28.97,11.32,9.07,209.3,35.77,0.98,4.36,11.97
7/01/2022,102.65,28.1752,21.75,29.42,11.6,9.18,211.71,36.03,0.96,4.46,12.19
10/01/2022,103.32,28.1455,21.83,29.39,11.56,9.24,207.98,36.22,0.975,4.44,12.18
11/01/2022,101.76,27.7784,21.67,29.24,11.55,9.2,205.02,36.24,0.975,4.4,12.02
12/01/2022,101.58,27.8082,21.67,29.24,11.68,9.12,208.39,36.31,0.975,4.4,12.09
13/01/2022,102.12,28.1752,21.73,29.57,11.7,9.2,208.78,36.27,0.98,4.41,12.17
14/01/2022,100.85,28.1653,21.45,29.38,11.6,9.18,206.72,35.84,0.955,4.47,12.05
17/01/2022,101.16,28.4927,21.47,29.45,11.7,9.27,207.61,36.49,0.965,4.51,12.17
18/01/2022,100.79,28.5225,21.41,29.41,11.74,9.33,206.86,36.68,0.965,4.44,12.14
19/01/2022,99.33,28.334,21.24,29.07,11.69,9.11,199.19,36.38,0.965,4.45,12.08
20/01/2022,98.61,28.3538,21.11,28.7,11.52,9,198.09,35.6,0.97,4.41,12.05
21/01/2022,97.37,27.8875,20.98,28.32,11.3,8.8,190.64,34.28,0.93,4.36,11.78
24/01/2022,97.44,27.5502,20.8,28.17,11.23,8.78,189.98,33.79,0.91,4.38,11.55
25/01/2022,95.45,26.5581,20.21,27.35,10.98,8.55,185.62,32.89,0.88,4.27,11.03
27/01/2022,93.78,26.8558,20.16,27.25,11.02,8.57,179.8,32.69,0.87,4.27,10.97
28/01/2022,95.67,27.2526,20.63,27.65,11.16,8.72,186.9,33.31,0.89,4.28,11.11
31/01/2022,93.74,26.32,20.3,27.13,11.04,8.58,183.62,32.7,0.875,4.24,11.13
1/02/2022,93.93,26.32,20.4,27.64,11.22,8.72,188.62,33.94,0.92,4.34,11.38
2/02/2022,94.74,26.6772,20.6,27.87,11.22,8.78,192.43,34.35,0.95,4.35,11.73
3/02/2022,93.44,26.8558,21.07,27.91,11.29,8.8,189.46,34.72,0.94,4.37,12.03
4/02/2022,94.1,26.8756,21.52,27.91,11.26,8.83,192.34,35.12,0.955,4.38,12.22
7/02/2022,94,26.3597,21.56,27.57,11.4,8.88,194.02,35.09,0.955,4.44,12.37
8/02/2022,94.3,26.7466,21.85,27.73,12.03,9.05,201.57,35.39,0.965,4.52,12.42
9/02/2022,99.56,27.203,22.38,28.39,12.21,9.26,197.65,36.4,1.01,4.59,12.82
10/02/2022,100.78,27.4907,22.62,29.67,11.98,9.29,193.39,36.84,1.07,4.55,12.69
11/02/2022,98.55,27.5998,22.78,29.84,12.03,9.26,193.28,36.4,1.025,4.74,12.62
14/02/2022,100.04,27.9768,23.88,30.43,11.73,9.67,194.22,35.88,1.01,4.72,12.7
15/02/2022,99.49,27.58,23.07,30.42,11.48,9.92,193.88,35.82,0.995,4.74,12.65
16/02/2022,98.57,27.8776,23.29,30.64,11.52,10.07,196.99,35.86,1.015,4.7,12.67
17/02/2022,98.81,27.9967,23.49,30.85,11.53,10.12,195.65,36.15,1.005,4.75,12.65
18/02/2022,97.75,27.9272,23.53,30.58,11.42,10.12,191.11,35.95,1.02,4.76,11.55
21/02/2022,98.09,27.9471,23.85,30.75,11.44,10.16,190.71,36.4,1.025,4.82,12.1
22/02/2022,96.04,27.6693,23.56,30.27,11.43,10.09,187.28,35.61,0.98,4.86,12.06
23/02/2022,96.69,27.4113,23.69,30.13,11.66,10.13,186.5,35.95,0.985,4.92,12.26
24/02/2022,94.71,26.4689,23.13,29.38,11.42,9.89,177.4,35.52,0.94,4.85,11.82
25/02/2022,93.88,25.8934,22.83,28.91,11.13,9.58,180.02,36.15,0.96,4.79,11.78
28/02/2022,93.46,25.8042,22.81,28.94,10.77,9.61,180.78,35.19,0.945,4.6,11.49
1/03/2022,94.82,25.9728,22.96,29.37,10.9,9.68,183.05,36.01,0.97,4.6,11.47
2/03/2022,94.7,25.4073,22.58,29,10.73,9.45,179.59,35,0.93,4.4,11
3/03/2022,94.51,25.4073,22.47,29.11,10.61,9.5,181,35.5,0.93,4.43,10.91
4/03/2022,94.6,25.0998,22.21,28.89,10.66,9.6,180.25,34.81,0.91,4.45,10.72
7/03/2022,94.64,24.8022,21.77,28.44,10.28,9.09,175.31,33.81,0.89,4.33,10.08
8/03/2022,95.59,24.6236,21.67,28.49,10.19,9.08,175.7,33.54,0.9,4.26,10.12
9/03/2022,97.41,24.8914,21.96,28.98,10.25,9.28,178.55,34.66,0.905,4.26,10.36
10/03/2022,99.74,25.5661,22.65,29.99,10.5,9.6,185.59,34.31,0.92,4.33,10.63
11/03/2022,99.38,25.6454,22.67,29.94,10.4,9.45,182.33,33.59,0.91,4.31,10.55
14/03/2022,102,26.3696,23.23,30.38,10.73,9.75,187,34.35,0.93,4.44,10.79
15/03/2022,103.78,26.4788,23.49,30.64,11.03,9.95,186.17,34.44,0.93,4.54,10.96
16/03/2022,104.76,26.955,23.69,30.75,11.12,9.98,189.44,34.34,0.94,4.57,10.86
17/03/2022,106.15,27.3121,23.68,31.14,11.09,10.03,191.6,35.07,0.97,4.58,10.91
18/03/2022,106.29,27.3617,23.66,31.21,11.35,10.1,194.8,35.03,0.97,4.61,11.09
21/03/2022,105.7,27.3617,23.55,30.9,11.1,9.94,195.01,34.97,0.945,4.58,11.03
22/03/2022,106.07,27.451,23.62,31.23,11.16,10.06,197.58,35.13,0.95,4.61,11.3
23/03/2022,107.45,27.6594,23.8,31.72,11.23,10.2,200.05,34.45,0.945,4.55,11.4
24/03/2022,107.35,27.5006,23.89,31.79,11.14,10.13,196.59,34.1,0.935,4.52,11.33
25/03/2022,105.92,27.3915,23.75,31.66,11.16,10.14,197.87,34.09,0.955,4.47,11.4
28/03/2022,106.14,27.5701,24.03,31.91,11.29,10.21,200.09,34.52,0.96,4.48,11.38
29/03/2022,106.37,27.6494,24.29,32.1,11.24,10.26,202.83,34.87,0.95,4.44,11.49
30/03/2022,107.07,27.6594,24.51,32.37,11.21,10.3,207.09,35.22,0.985,4.41,11.66
31/03/2022,105.77,27.3816,24.24,32.35,11.12,10.29,203.27,34.75,0.965,4.38,11.5
1/04/2022,104.53,26.9649,23.95,32.33,11.1,10.29,206,34.23,0.955,4.37,11.58
4/04/2022,103.72,26.9054,23.91,32.07,11.08,10.34,206.09,31.97,0.985,4.38,11.57
5/04/2022,104.36,26.826,24.05,32.18,11.06,10.31,207.06,32.38,0.975,4.4,11.71
6/04/2022,105.71,27.1435,24.24,32.56,10.82,10.47,205.14,32.8,1.02,4.38,11.87
7/04/2022,105.24,27.1236,24.11,32.47,10.84,10.42,202.05,32.61,0.995,4.27,11.63
8/04/2022,105.38,27.2824,24.1,32.47,10.9,10.37,203.64,32.34,1.005,4.33,11.63
11/04/2022,106.88,27.4808,24.24,32.96,10.88,10.48,201.91,32.28,1.02,4.33,11.84
12/04/2022,106.71,27.203,24.14,32.94,11,10.47,203.13,32.15,1.025,4.29,11.76
13/04/2022,106.55,27.2724,24.29,33.07,11.14,10.5,202.94,31.41,1.05,4.33,11.81
14/04/2022,106.5,27.203,24.11,32.85,11.08,10.25,203.68,31.93,1.06,4.35,11.89
19/04/2022,107.01,27.5304,24.4,33.25,11.18,10.54,205.55,32.21,1.07,4.38,12.26
20/04/2022,107.24,27.6891,24.36,33.27,11.12,10.56,206.67,32.26,1.045,4.4,12.08
21/04/2022,108.35,27.7784,24.51,33.6,11.33,10.79,210.95,32.57,1.085,4.46,12.24
22/04/2022,105.37,27.5601,24.21,33.14,11.21,10.64,207.6,32.3,1.055,4.45,12.12
26/04/2022,104.75,27.4014,23.9,32.74,11.04,10.61,204.18,31.89,1.035,4.34,11.93
27/04/2022,103,26.697,23.45,32.2,11.01,10.5,200.72,31.56,1.025,4.29,11.98
28/04/2022,103.23,26.8756,23.59,32.19,11.27,10.58,203.27,32.08,1.16,4.4,12.17
29/04/2022,103.88,27.0839,23.87,32.63,11.46,10.65,206.98,32.99,1.16,4.54,12.32
2/05/2022,102.97,27.0839,23.88,32.32,11.31,10.6,203.18,33.28,1.17,4.53,12.03
3/05/2022,102.26,27.0443,23.9,32.11,11.26,10.48,203.43,33.51,1.17,4.54,11.98
4/05/2022,102.98,27.1633,24.07,32.44,11.28,10.56,204.73,33.08,1.19,4.67,12.02
5/05/2022,103.71,26.697,24.01,32.25,11.45,10.54,202.66,33.42,1.21,4.66,12.68
6/05/2022,102.4,26.5482,23.83,31.62,11.31,10.46,186.9,32.96,1.18,4.63,12.64
9/05/2022,102.66,25.824,24.6,31.68,11.28,10.37,182,32.67,1.16,4.62,12.42
10/05/2022,101.7,25.5859,24.65,31.78,11.58,10.28,180.02,32.45,1.16,4.68,12.51
11/05/2022,101.51,25.199,24.25,30.53,11.48,10.29,182.12,32.61,1.16,4.62,12.37
12/05/2022,102.15,24.9609,23.79,30.82,11.61,10.15,175.21,31.37,1.11,4.56,12.29
13/05/2022,102.28,25.1891,24,31.14,11.85,10.34,183.11,32.45,1.15,4.62,12.7
16/05/2022,103.33,25.3776,24.38,31.32,12.03,10.39,179.66,32.49,1.14,4.68,12.66
17/05/2022,105.12,25.4073,24.46,31.48,12.16,10.46,180.49,32.35,1.14,4.68,12.74
18/05/2022,104.8,25.6355,24.44,31.28,12.15,10.48,181.5,32.57,1.15,4.65,12.7
19/05/2022,103.8,25.0799,23.45,30.86,12.05,10.31,177.64,31.81,1.14,4.57,12.49
20/05/2022,104.6,25.2982,23.57,31.07,12.15,10.36,181.37,31.96,1.115,4.56,12.47
23/05/2022,104.5,25.1097,23.41,30.78,12.15,10.33,179.88,32.32,1.11,4.6,12.24
24/05/2022,105.09,25.1692,23.54,31.09,12.11,10.55,178.81,32.03,1.09,4.53,12.29
25/05/2022,106.17,25.4272,23.87,31.66,12.16,10.58,178.27,31.82,1.09,4.51,12.26
26/05/2022,105.43,25.328,23.9,31.57,12.13,10.52,177.81,31.32,1.08,4.47,12.23
27/05/2022,106.63,25.4768,24.09,31.68,12.26,10.61,183,31.91,1.1,4.47,12.4
30/05/2022,106.56,25.5661,24.22,31.85,12.12,10.67,188.12,32.96,1.11,4.51,12.31
31/05/2022,104.36,24.8418,23.87,31.26,11.35,10.42,185.98,32.59,1.095,4.37,12.03
1/06/2022,106.71,25.1097,24.1,31.55,11.29,10.5,188.38,32.84,1.09,4.36,12.19
2/06/2022,105.44,24.7724,23.93,31.3,11.26,10.51,183.29,32.19,1.105,4.29,12.06
3/06/2022,105.2,24.822,24,31.28,11.09,10.68,184.04,32.62,1.12,4.26,12.03
6/06/2022,104.68,24.6236,23.92,31.11,11.01,10.67,182.9,32.13,1.135,4.21,12.14
7/06/2022,101.96,24.2565,23.41,30.1,10.93,10.57,177.49,31.27,1.12,4.2,12.15
8/06/2022,97.47,23.7009,21.98,28.91,11.07,9.81,179.24,30.88,1.115,4.27,12.32
9/06/2022,94.95,23.1652,21.17,28.25,10.94,9.48,178.68,30.4,1.08,4.29,12.23
10/06/2022,93.78,22.8874,20.85,28.06,10.75,9.33,172.36,30.16,1.055,4.18,11.98
14/06/2022,91.2,21.8259,20.07,26.84,10.48,9.03,163.35,28.34,1.01,4.17,11.5
15/06/2022,90.62,21.4291,19.7,26.33,10.85,8.94,164.1,28.32,0.985,4.3,11.75
16/06/2022,90.47,21.3398,19.33,26.36,10.74,8.85,164.67,28.23,0.98,4.21,11.52
17/06/2022,87.26,20.9925,19.19,25.92,10.58,8.68,159.7,28.19,0.98,4.14,11.21
20/06/2022,87.55,21.2207,19.19,26.06,10.64,8.73,161.5,27.87,0.995,4.21,11.23
21/06/2022,89.67,21.7763,19.71,27.05,10.91,9.08,164,28.59,1.03,4.32,11.84
22/06/2022,89.57,21.6572,19.53,26.99,10.74,9.17,162.34,28.94,1.01,4.28,11.8
23/06/2022,89.75,21.8953,19.62,27.13,10.81,9.22,163.6,28.92,0.985,4.4,12.04
24/06/2022,90.16,21.7366,19.48,27.02,10.84,9.06,165.33,29.35,0.98,4.36,12.05
27/06/2022,93.74,22.3914,19.92,27.93,11.23,9.23,166.26,30.14,0.98,4.4,12.06
28/06/2022,93.54,22.2426,19.75,27.79,11.06,9.33,167.23,29.75,0.975,4.36,12.2
29/06/2022,93,22.4509,19.94,28.07,11.08,9.33,168.08,29.83,0.98,4.43,12.25
30/06/2022,90.38,21.8557,19.5,27.39,10.98,9.07,164.51,28.88,0.955,4.36,12.15
1/07/2022,90.7,21.8259,19.42,27.51,10.94,9.13,164.24,29.26,0.965,4.34,12.06
4/07/2022,91.45,22.1037,19.67,27.74,11.02,9.23,167.15,28.31,0.99,4.33,11.9
5/07/2022,91.23,22.0243,19.67,27.65,10.81,9.27,168.68,28.46,0.99,4.27,11.86
6/07/2022,92,22.2227,19.85,28.15,10.82,9.27,169.66,28.26,1.005,4.32,11.67
7/07/2022,93.08,22.6196,20,28.15,10.89,9.37,170.65,28.69,1.01,4.37,11.75
8/07/2022,92.59,22.5204,19.95,28.11,11.05,9.36,170.69,29.19,1.015,4.36,11.79
11/07/2022,92.55,22.4112,19.94,27.77,11.25,9.32,167.85,28.97,1.015,4.41,11.92
12/07/2022,93.63,22.5204,20.1,28.13,11.15,9.46,167.67,28.93,1.01,4.41,11.71
13/07/2022,94.63,22.2525,20.16,28.45,11.13,9.55,171.4,29.17,1.02,4.36,11.7
14/07/2022,93.22,21.7564,19.94,28.3,11.11,9.63,171,29.23,1.03,4.45,11.69
15/07/2022,93.27,21.4687,19.9,28.45,11.1,9.48,167.99,28.57,1.015,4.39,11.62
18/07/2022,94.24,21.584025,20.15,29,11.78,9.7,173.33,29.4,1.025,4.45,11.72
19/07/2022,94.95,21.69935,20.3,29.42,11.19,9.86,167.63,28.88,1.01,4.32,11.59
20/07/2022,96.02,21.814675,20.53,29.65,11.31,10.1,174.17,29.79,1.065,4.34,11.7
21/07/2022,97.62,21.93,20.84,29.66,11.07,10.25,174.9,30.49,1.065,4.27,11.64
22/07/2022,97.8,22.59,21.07,29.88,11.01,10.3,174.24,30.42,1.065,4.21,11.4
25/07/2022,97.07,22.62,21.05,29.87,11.3,10.33,174.2,29.31,1.06,4.46,11.53
26/07/2022,96.73,22.64,21.13,29.72,11.32,10.25,175.63,28.97,1.065,4.49,11.69
27/07/2022,98.9,22.73,21.41,30.13,11.34,10.31,173.73,28.99,1.065,4.54,11.74
28/07/2022,99.89,22.7,21.43,30.33,11.25,10.18,178.89,30.25,1.07,4.52,11.87
29/07/2022,100.77,22.9,21.51,30.6,11.19,10.3,181.13,30.3,1.085,4.47,11.53
1/08/2022,101.08,22.74,21.66,30.58,11.36,10.48,179.9,30.27,1.105,4.55,11.79
2/08/2022,101.97,22.81,22,30.96,11.41,10.67,178.86,30.56,1.11,4.6,11.63
3/08/2022,100.47,22.71,21.75,30.78,11.49,10.56,176.39,30.36,1.115,4.63,11.76
4/08/2022,101.8,22.78,21.85,30.9,11.46,10.6,175.9,30.54,1.17,4.59,11.86
5/08/2022,101.41,22.95,21.96,30.91,11.65,10.6,176.93,30.62,1.165,4.59,12.01
8/08/2022,102.6,22.91,22.07,30.71,11.11,10.69,176.62,30.05,1.16,4.56,11.88
9/08/2022,101.28,22.7,21.9,29.81,11.39,10.54,178.12,30.38,1.165,4.64,12.05
10/08/2022,101,23.46,22.2,30.22,11.45,10.59,176.19,30.21,1.165,4.59,12.14
11/08/2022,100.85,23.9,22.48,30.53,11.59,10.72,179.56,30.93,1.155,4.61,12.54
12/08/2022,100.34,24.02,22.66,30.78,11.14,10.78,178.59,30.41,1.13,4.66,12.24
15/08/2022,100.46,24.03,22.43,30.81,10.94,9.88,180.87,30.46,1.1,4.51,12.07
16/08/2022,101.46,23.83,22.34,31.04,11.09,9.52,182.75,30.41,1.09,4.58,12
17/08/2022,99.62,23.87,22.52,31.32,11.22,9.61,183.75,31.11,1.12,4.65,11.99
18/08/2022,100.99,23.58,22.34,31.42,11.06,9.61,182.13,31.07,1.13,4.57,12.05
19/08/2022,99.95,23.1,22.18,30.92,11.08,9.57,182.28,31.19,1.13,4.57,12.1
22/08/2022,98.96,22.84,21.8,30.54,10.99,9.39,178.61,30.43,1.115,4.55,12.19
23/08/2022,97.02,22.45,21.36,29.94,10.75,9.15,172.57,29.83,1.085,4.46,12
24/08/2022,97.2,22.81,21.38,30.01,10.73,9.04,173.34,30.3,1.1,4.5,12.07
25/08/2022,97.82,22.86,21.59,30.3,10.82,9.04,176.3,27.44,1.12,4.56,12.09
26/08/2022,98.31,22.96,21.68,30.61,10.91,9.03,178.5,28.18,1.125,4.6,12.33
29/08/2022,96.28,22.44,21.27,29.84,10.79,8.87,174.06,27.25,1.1,4.59,12.19
30/08/2022,96.55,22.57,21.28,29.99,10.87,8.95,175.17,27.15,1.12,4.69,12.25
31/08/2022,97.47,22.83,21.61,30.59,10.9,9.04,177.26,27.42,1.165,4.65,12.07
1/09/2022,96.05,22.64,21.23,30.3,10.82,8.92,174.45,27.06,1.165,4.64,11.94
2/09/2022,96.95,22.75,21.4,30.54,10.88,8.97,177.2,26.67,1.145,4.68,12.02
5/09/2022,96.51,22.63,21.35,30.34,10.74,8.7,179.35,26.98,1.13,4.6,11.88
6/09/2022,96.11,22.59,21.27,30.24,10.78,8.58,178.18,26.43,1.12,4.64,12.09
7/09/2022,94.1,22.28,20.83,29.31,10.85,8.4,172.72,26.55,1.1,4.64,12.03
8/09/2022,95.21,22.9,21.17,29.62,10.89,8.54,178.38,26.43,1.125,4.66,12.39
9/09/2022,95.53,23.02,21.25,29.85,10.88,8.55,177.83,25.96,1.13,4.65,12.3
12/09/2022,96.28,23.33,21.47,29.99,11.12,8.67,181.06,26.32,1.175,4.7,12.49
13/09/2022,97.94,23.48,21.59,30.28,10.98,8.73,182.25,26.47,1.195,4.67,12.51
14/09/2022,94.46,22.95,21.19,29.35,10.75,8.43,176.3,25.49,1.18,4.58,12.31
15/09/2022,95.06,23.74,21.54,29.82,10.51,8.5,176.54,25.93,1.195,4.56,12.29
16/09/2022,94.23,23.55,21.53,29.96,10.28,8.5,172.67,25.48,1.21,4.51,12.05
19/09/2022,94.66,23.56,21.55,29.7,10.42,8.39,173,25.14,1.21,4.49,12.03
20/09/2022,96.53,23.84,21.89,30.22,10.48,8.53,172.85,24.81,1.185,4.49,12.14
21/09/2022,95.45,23.6,21.73,29.82,10.21,8.37,170.86,24.77,1.16,4.44,11.92
23/09/2022,93.64,23.38,21.42,29.35,10.05,8.18,165.57,24.07,1.14,4.41,11.83
26/09/2022,93.61,23.04,21.18,29.35,9.96,7.96,163.52,23.61,1.12,4.38,11.63
27/09/2022,93.43,23.15,21.06,29.25,9.95,8.03,162.01,23.64,1.115,4.45,11.64
28/09/2022,92.54,23.05,20.93,28.99,9.95,7.91,158.04,23.59,1.1,4.53,11.39
29/09/2022,93.12,23.37,21.12,29.27,10.11,7.96,159.51,23.86,1.11,4.58,11.6
30/09/2022,90.7,22.8,20.64,28.81,10.03,7.79,152.74,23.59,1.095,4.6,11.53
3/10/2022,90.61,22.77,20.6,28.73,9.96,7.85,151.41,23.31,1.065,4.64,11.3
4/10/2022,94.79,23.9,21.43,29.87,10.32,8.12,158.28,24.09,1.135,4.83,11.79
5/10/2022,97.29,24.5,22.15,30.51,10.3,8.25,162.1,24.8,1.165,4.78,11.95
6/10/2022,96.88,24.39,21.94,30.27,10.47,8.25,163.23,24.5,1.165,4.83,11.91
7/10/2022,96.42,24.29,21.88,30.14,10.31,8.18,161.36,24.14,1.145,4.76,11.73
10/10/2022,94.96,23.9,21.58,29.64,10.3,8.15,159.48,23.41,1.125,4.72,11.7
11/10/2022,94,23.95,21.6,29.49,10.32,8.18,158.56,23.19,1.145,4.73,11.73
12/10/2022,96.29,24.75,22.41,29.88,10.32,8.41,158.34,23.94,1.14,4.71,11.67
13/10/2022,98.13,25.27,23.07,30.59,10.22,8.45,157.2,24.51,1.145,4.69,11.64
14/10/2022,98.9,25.36,23.5,31.08,10.77,8.58,160.91,25.76,1.19,4.815,12.23
17/10/2022,98.09,25.41,23.43,30.78,10.43,8.58,154.21,24.7,1.165,4.89,11.73
18/10/2022,99.78,25.65,23.98,31.23,10.62,8.77,162.32,25.29,1.17,4.89,11.95
19/10/2022,100.48,25.83,23.65,31.66,10.63,8.75,162.34,25.64,1.185,4.89,12.02
20/10/2022,100.77,25.83,23.92,31.89,10.96,8.66,157.69,24.89,1.165,4.85,12.16
21/10/2022,99.28,25.55,23.73,31.4,10.72,8.66,157.69,24.23,1.165,4.75,11.82
24/10/2022,100.48,25.59,23.87,31.63,10.84,8.81,161.46,24.63,1.185,4.85,11.88
25/10/2022,101.78,25.7,23.9,31.95,11.04,8.88,165,24.53,1.195,4.85,12.01
26/10/2022,102,25.84,24.01,32.07,10.99,8.98,166,24.51,1.19,4.82,12.15
27/10/2022,102.42,24.99,23.77,31.9,11.17,8.89,166.54,24.49,1.19,4.87,12.28
28/10/2022,103.22,25.21,23.99,32,11.36,8.98,166.5,24.5,1.205,4.88,12.23
31/10/2022,104.68,25.56,24.11,32.42,11.41,9.01,169.5,24.9,1.26,4.9,12.24
1/11/2022,106.05,25.96,24.32,32.7,11.65,9.14,172,25.49,1.26,4.98,12.52
2/11/2022,105.97,25.98,24.5,32.74,11.73,9.17,168.88,26.9,1.28,5.06,12.6
3/11/2022,104.5,25.68,23.91,32.15,11.81,8.99,166.45,28.82,1.26,4.97,12.61
4/11/2022,103.05,25.5,24.14,32.12,11.73,9,170.37,29.12,1.255,4.94,12.62
7/11/2022,103.08,24.33,23.19,31.73,11.68,8.82,168.2,29.1,1.26,4.92,12.7
8/11/2022,104.48,24.4,23.66,31.95,11.76,8.98,169.74,29.11,1.26,4.96,12.87
9/11/2022,104.77,24.55,23.72,31.66,11.93,8.91,171.45,29.09,1.275,4.97,12.92
10/11/2022,104.04,24.28,23.61,31,12.01,8.83,169.79,33.4,1.265,4.94,12.72
11/11/2022,105.81,24.64,24.08,31.35,12.19,9.03,179.3,34.8,1.295,4.93,12.55
14/11/2022,105.1,24.27,23.85,31.26,11.86,8.84,177.72,32.77,1.27,4.81,12.05
15/11/2022,106.48,24.23,23.96,30.49,11.88,8.81,179.63,33.01,1.27,4.87,12.28
16/11/2022,104.58,24.16,23.84,30.31,11.77,8.79,177.95,31.58,1.265,4.76,11.93
17/11/2022,105.64,24.31,23.2,30.6,11.8,8.86,179.83,27.59,1.28,4.84,12.17
18/11/2022,105.82,24.5,23.62,30.66,11.95,8.86,179.32,26.92,1.285,4.9,12.4
21/11/2022,106.58,24.76,23.97,30.83,11.89,8.95,177.56,26.55,1.285,4.9,12.33
22/11/2022,107.5,24.67,23.94,30.97,11.89,8.95,176,26.24,1.295,4.91,12.66
23/11/2022,108.07,24.73,24.08,31.3,11.9,9.08,178.72,26,1.325,4.89,12.85
24/11/2022,108.01,24.65,23.87,31.23,11.91,9.11,177.99,25.43,1.31,4.86,12.95
25/11/2022,109.2,24.82,23.99,31.49,12.04,9.3,177.95,25.15,1.33,4.87,13.02
28/11/2022,108.48,24.72,23.76,31.59,12.01,9.12,178.45,24.99,1.325,4.82,12.96
29/11/2022,108.09,24.91,23.83,31.69,12,9.19,178,24.7,1.33,4.8,12.96
30/11/2022,107.86,24.74,23.77,31.54,11.92,9.15,178.71,25,1.36,4.78,12.87
1/12/2022,108.42,24.95,23.92,31.68,11.78,9.17,182.1,25.21,1.36,4.78,12.95
2/12/2022,106.95,24.65,23.76,31.38,11.56,9.05,180.24,24.89,1.355,4.71,12.92
5/12/2022,106.94,24.57,23.72,31.26,11.61,9.07,180.47,25.07,1.335,4.71,12.91
6/12/2022,106.44,24.38,23.75,31.03,11.67,9.07,176.74,25.05,1.335,4.77,12.99
7/12/2022,105.55,24.03,23.57,30.65,11.84,9.04,173.64,24.65,1.355,4.86,13.24
8/12/2022,105.35,23.59,23.29,30.12,11.74,9.01,171.16,23.95,1.36,4.85,13.05
9/12/2022,104.98,23.64,23.44,30.19,11.79,8.99,168.04,24.15,1.36,4.79,12.95
12/12/2022,105.39,23.54,23.36,30.19,11.72,9.04,171.5,24.11,1.35,4.74,13.01
13/12/2022,106.44,24.1,23.66,30.79,11.92,9.66,172.86,24.3,1.37,4.79,13.11
14/12/2022,106.92,24.01,23.57,30.71,11.89,9.34,174.21,24.62,1.375,4.75,13.12
15/12/2022,106.8,23.9,23.5,30.79,11.89,9.48,171.69,24.28,1.39,4.72,13.11
16/12/2022,105.98,23.62,23.3,30.4,11.82,9.36,169.9,24.43,1.4,4.69,13.15
19/12/2022,105.63,23.72,23.25,30.26,11.78,9.49,168.77,24.13,1.37,4.64,13.03
20/12/2022,105.33,23.79,23.28,30.28,11.83,9.59,166.1,23.88,1.35,4.65,12.97
21/12/2022,104.73,24.11,23.55,30.26,12.08,9.73,167.77,23.83,1.365,4.75,13.17
22/12/2022,105.62,24.01,23.55,30.52,12.11,9.85,168.65,24.59,1.38,4.79,13.27
23/12/2022,104.82,24.07,23.5,30.38,12,9.78,167.92,24.45,1.35,4.75,13.21
28/12/2022,103.1,23.69,23.49,30.22,12.02,9.74,167.98,24.31,1.32,4.73,13.34
29/12/2022,102.08,23.6,23.27,29.92,12.03,9.75,166,24.12,1.325,4.73,13.37
30/12/2022,102.6,23.66,23.35,30.06,12.04,9.81,166.96,24.6,1.315,4.75,13.43
3/01/2023,101.05,23.01,22.73,29.42,11.82,9.57,164.67,24.69,1.3,4.66,13.08
4/01/2023,103.14,23.63,23.44,29.7,12.04,9.83,169.87,25.47,1.315,4.7,13.41
5/01/2023,103.32,23.62,23.47,29.94,11.96,9.84,172.02,26.4,1.32,4.72,13.28
6/01/2023,103.18,23.67,23.4,29.76,11.99,9.8,172.46,26.35,1.32,4.76,13.27
9/01/2023,103.32,23.72,23.37,30,12.02,9.86,174.1,25.49,1.265,4.74,13.13
10/01/2023,103.32,23.72,23.41,29.93,11.82,9.92,173.52,24.73,1.27,4.63,12.77
11/01/2023,103.53,24.01,23.3,30.06,11.65,9.89,174.17,24.84,1.315,4.76,12.87
12/01/2023,105.18,24.25,23.5,30.8,11.67,9.95,177,25.26,1.345,4.8,12.93
13/01/2023,106.5,24.49,23.76,31.3,11.75,10.08,178.27,25.79,1.345,4.82,13.03
16/01/2023,107.35,24.89,23.93,31.65,11.77,10.07,180,26.39,1.35,4.85,13.01
17/01/2023,107.44,24.91,23.93,31.67,11.88,10.01,179.28,26.16,1.35,4.9,13.07
18/01/2023,107.65,24.79,23.82,31.67,11.92,10.1,179.6,26.28,1.355,4.91,13.33
19/01/2023,108.74,24.88,23.95,31.71,12.36,10.17,181.98,26.4,1.355,5,13.44
20/01/2023,108.66,24.75,24,31.6,12.35,10.09,180.8,26.2,1.34,5.01,13.44
23/01/2023,108.61,24.92,23.89,31.51,12.32,10.15,182.12,26.73,1.34,5.02,13.49
24/01/2023,108.05,24.62,23.65,31.34,12.72,10.04,184.43,26.8,1.345,5.06,13.6
25/01/2023,108.83,24.6,23.67,31.48,12.71,10.16,185.13,26.56,1.345,5.04,13.73
27/01/2023,109.85,24.98,23.93,31.79,12.81,10.17,187.46,26.08,1.345,5.08,13.86
30/01/2023,109.76,25.03,23.75,31.83,12.56,10.12,186.97,25.81,1.33,4.89,13.67
31/01/2023,110.06,25.09,23.72,31.79,12.53,10.06,187.34,25.53,1.335,4.9,13.74
1/02/2023,110.15,25.28,23.6,31.73,12.6,10.06,187,25.49,1.355,4.91,13.86
2/02/2023,109.73,25.16,23.5,31.5,12.31,10.02,190.37,25.93,1.33,4.83,13.2
3/02/2023,111.15,25.75,23.92,31.9,12.33,10.06,190.43,26.95,1.35,4.73,13.2
6/02/2023,110.75,25.58,23.85,31.88,12.36,9.96,188.97,26.4,1.35,4.6,13.28
7/02/2023,110.3,25.66,23.73,31.73,12.47,9.96,190.33,26.44,1.32,4.67,13.31
8/02/2023,110.32,25.79,23.9,32.06,13.04,10.08,195.23,27,1.365,4.8,13.41
9/02/2023,110.21,25.92,23.9,31.95,12.74,10.05,194.09,26.44,1.345,4.65,13.2
10/02/2023,109.95,25.71,23.84,31.68,12.82,9.97,191.49,25.91,1.315,4.71,13.23
13/02/2023,109.3,25.7,23.7,31.38,13.01,9.89,190.4,25.94,1.315,4.92,13.4
14/02/2023,109.25,25.75,23.86,31.61,12.65,9.96,191.66,26.8,1.315,4.82,13.29
15/02/2023,103,24.78,22.83,30.31,12.6,9.61,190.9,26.94,1.31,4.83,13.27
16/02/2023,101.5,24.92,22.76,30.51,12.8,9.57,194.11,27.16,1.135,4.78,13.4
17/02/2023,100.97,24.67,22.78,29.85,12.78,9.61,189,26.92,1.12,4.83,14.39
20/02/2023,102.23,24.74,23.01,30.3,12.81,9.79,190.73,27.14,1.1,4.82,14.92
21/02/2023,101.52,24.62,22.84,30.1,12.75,9.79,190.39,26.99,1.095,4.81,15
22/02/2023,99.2,24.93,22.87,30.06,12.77,9.79,190.29,26.7,1.075,4.79,15.05
23/02/2023,99.9,24.76,22.66,29.76,12.79,9.8,188.84,25.95,1.085,4.73,15.13
24/02/2023,101.22,24.79,22.67,29.85,12.95,9.8,188.91,24.85,1.08,4.77,15.3
27/02/2023,101.39,24.83,22.73,29.99,12.82,9.78,188.45,24.69,1.045,4.7,15.12
28/02/2023,100.69,24.65,22.53,30,12.85,9.78,189.52,24.39,1.035,4.65,15.08
1/03/2023,99.05,24.37,22.07,29.38,12.9,9.72,188.9,24.48,1.055,4.65,15.24
2/03/2023,97.07,23.71,21.64,28.83,12.75,9.53,184.86,24.55,1.065,4.61,15.15
3/03/2023,97.75,23.85,21.73,29.15,12.73,9.6,185.47,24.68,1.055,4.65,15.05
6/03/2023,98.6,24.2,22.09,29.48,12.83,9.45,189.99,24.96,1.035,4.74,14.93
7/03/2023,98.9,24.5,22.37,29.71,13,9.5,193,25.43,1.03,4.77,15.27
8/03/2023,98.41,24.33,22.11,29.45,12.92,9.39,190.84,25.51,1.03,4.82,15.35
9/03/2023,98.72,24.49,22.38,29.89,12.98,9.43,190.78,24.65,1.04,4.9,15.3
10/03/2023,95.51,23.85,21.79,29,12.62,9.15,184.66,24.18,1.01,4.87,15.02
13/03/2023,95.12,23.39,21.49,28.54,12.36,9.04,182.13,23,0.995,4.77,14.62
14/03/2023,95.28,23.04,21.41,28.1,11.91,8.9,176.53,21.4,0.975,4.65,14.08
15/03/2023,95.4,23.29,21.65,28.31,12.14,9.09,178.1,21.41,1.01,4.77,14.41
16/03/2023,95.3,22.72,21.19,27.82,12.05,8.82,175.13,21.24,0.98,4.68,14.09
17/03/2023,96.45,22.81,21.24,28.28,12.15,8.93,175.79,21.19,0.985,4.69,14.38
20/03/2023,96.08,22.49,21.12,27.86,11.6,8.86,167.78,20.32,0.99,4.49,13.7
21/03/2023,96.52,22.75,21.42,28.01,11.86,9.03,173.33,20.96,1.04,4.54,13.87
22/03/2023,97.14,22.85,21.43,28.05,11.97,9,174.1,21.55,1.05,4.63,14.29
23/03/2023,97.03,22.76,21.33,27.63,11.94,8.9,171,21.11,1.05,4.57,14.06
24/03/2023,95.84,22.52,21.2,27.18,11.8,8.72,169.6,20.86,1.05,4.53,14.02
27/03/2023,95.07,22.44,21.23,27.41,11.89,8.68,167,21.15,1.055,4.57,14.15
28/03/2023,96.06,22.64,21.53,27.66,12.04,8.77,170.39,21.6,1.06,4.66,14.29
29/03/2023,96.34,22.66,21.37,27.04,11.94,8.5,169.76,21.59,1.035,4.67,14.33
30/03/2023,97.75,22.87,21.69,27.67,12.06,8.7,171.77,22.21,1.08,4.7,14.53
31/03/2023,98.32,22.93,21.66,27.72,12.11,8.67,175.66,21.96,1.05,4.69,14.59
3/04/2023,99.27,23.22,21.89,27.91,12.21,8.72,176.97,22.23,1.085,4.74,14.54
4/04/2023,98.98,23.27,21.8,28.07,12.13,8.71,179.46,22.29,1.095,4.8,14.7
5/04/2023,99.06,23.3,21.78,28.04,12.23,8.63,178.17,22.36,1.11,4.94,14.91
6/04/2023,99.01,23.19,21.77,27.88,12.37,8.69,176.95,22.8,1.095,4.98,14.84
11/04/2023,99.76,23.56,22.15,28.25,12.47,8.79,178.91,23.48,1.12,5.01,14.99
12/04/2023,99.23,23.61,22.12,28.11,12.45,8.76,179.6,23.51,1.12,5.02,15.01
13/04/2023,98.22,23.77,22.09,28.13,12.43,8.79,178.82,23.44,1.115,5.01,14.99
14/04/2023,99.11,23.98,22.25,28.46,12.46,8.85,180.02,23.86,1.115,5.01,14.99
17/04/2023,99.74,24.21,22.26,28.67,12.47,8.84,180.65,23.8,1.095,4.92,14.84
18/04/2023,99.4,24.2,22.28,28.76,12.36,8.84,180.24,23.66,1.095,4.95,14.81
19/04/2023,99.37,24.14,22.23,28.61,12.39,8.81,180.29,23.55,1.135,4.96,14.89
20/04/2023,100.92,24.46,22.57,29.1,12.37,8.93,181.63,24.14,1.13,4.94,15.09
21/04/2023,99.8,24.33,22.29,28.77,12.34,8.73,183.08,24.19,1.15,4.97,15.05
24/04/2023,100.11,24.22,22.25,28.79,12.4,8.73,181.45,24.48,1.14,4.96,15.13
26/04/2023,99.89,24.21,22.31,28.84,12.54,8.69,181.25,23.82,1.14,4.97,15.24
27/04/2023,99.1,24.12,22.26,28.73,12.4,8.61,180.71,23.85,1.13,4.96,15.17
28/04/2023,99.36,24.35,22.47,28.84,12.48,8.64,182.6,24.53,1.135,4.98,15.33
1/05/2023,100.44,24.52,22.56,29.19,12.59,8.75,183.77,24.9,1.155,5,15.47
2/05/2023,100.1,24.42,22.55,29.09,12.48,8.62,181.22,24.52,1.145,5,15.41
3/05/2023,98.29,24.03,22.16,28.55,12.4,8.45,179.1,24.13,1.13,4.95,15.25
4/05/2023,95.76,23.46,21.25,26.72,12.36,8.4,177.74,24.17,1.105,4.98,15.25
5/05/2023,96.13,23.8,21.35,26.58,12.5,8.41,177.35,24.38,1.125,4.96,15.35
8/05/2023,97.12,23.83,21.74,27.1,12.58,8.62,173.5,25.1,1.13,4.98,15.46
9/05/2023,97.34,24,21.77,27.36,12.53,8.58,177.43,25.38,1.125,4.93,15.3
10/05/2023,97.85,24.11,21.7,26.26,12.33,8.59,177.48,25.2,1.1,4.89,15.21
11/05/2023,98.35,24.31,21.13,26.37,12.38,8.61,179.5,25.2,1.095,4.88,15.16
12/05/2023,98.96,24.5,21.09,26.41,12.38,8.77,179.08,25.53,1.105,4.89,14.61
15/05/2023,98.5,23.53,21.13,26.46,12.28,8.63,174.84,25.52,1.085,4.89,14.77
16/05/2023,97.59,23.54,21.13,26.46,12.22,8.59,174.35,25.3,1.09,4.9,14.65
17/05/2023,97.14,23.58,20.92,26.19,12.12,8.57,172.14,24.89,1.07,4.86,14.67
18/05/2023,98,23.64,20.96,26.4,12.38,8.62,173.59,24.71,1.08,4.96,14.63
19/05/2023,99.8,23.97,21.23,26.8,12.62,8.73,176.51,24.76,1.09,5.19,14.59
22/05/2023,98.9,23.79,21.06,26.57,12.76,8.6,176.57,24.52,1.08,5.2,14.74
23/05/2023,99.44,23.97,21.26,26.67,12.92,8.68,180.27,24.84,1.08,5.18,14.94
24/05/2023,99.93,23.96,21.23,26.61,12.99,8.73,177.44,24.56,1.07,5.22,14.74
25/05/2023,97.72,23.35,20.89,26.04,12.85,8.65,173.5,24.47,1.045,5.17,14.53
26/05/2023,98.16,23.47,20.92,26.23,13.06,8.66,174,24.63,1.065,5.2,14.71
29/05/2023,99.57,23.74,21.16,26.57,13.18,8.77,176.28,24.97,1.085,5.21,14.8
30/05/2023,99.18,23.41,21.11,26.52,13.38,8.77,175.1,24.91,1.09,5.21,14.85
31/05/2023,96.78,22.92,20.68,25.97,13.3,8.59,170.74,24.74,1.095,5.19,14.62
1/06/2023,96.8,22.73,20.6,26.04,13.36,8.57,170.49,24.49,1.115,5.2,14.63
2/06/2023,96.91,22.77,20.54,25.79,13.3,8.56,171,24.41,1.13,5.13,14.62
5/06/2023,97.5,23.12,20.77,26.05,13.34,8.62,173.78,25.05,1.14,5.12,14.85
6/06/2023,96.56,22.74,20.34,25.76,13.14,8.49,171.27,24.81,1.125,5.09,14.76
7/06/2023,95.69,22.73,20.03,25.3,13.02,8.38,172.24,24.74,1.11,5.07,14.7
8/06/2023,95.89,22.68,20.19,25.16,13,8.33,170.66,24.44,1.115,5.08,14.94
9/06/2023,95.8,22.85,20.25,25.2,13.12,8.35,172.1,24.56,1.11,5.11,14.99
13/06/2023,96.52,22.93,20.3,25.22,12.97,8.37,175.66,24.81,1.12,5.1,14.98
14/06/2023,97.37,22.92,20.56,25.51,13.14,8.42,178.05,25.18,1.13,5.23,15.12
15/06/2023,97.99,23.13,20.6,25.65,13.19,8.47,182.2,25.32,1.135,5.47,15.13
16/06/2023,99.35,23.28,20.91,25.85,13.27,8.53,184.4,25.6,1.15,5.51,15.28
19/06/2023,100.51,23.62,21.15,26.06,13.53,8.56,184.03,25.55,1.155,5.57,15.44
20/06/2023,101.62,23.8,21.43,26.5,13.75,8.66,185.2,26.24,1.17,5.65,15.68
21/06/2023,101.68,23.68,21.22,26.53,13.76,8.72,180.47,26.23,1.16,5.65,15.8
22/06/2023,100.08,23.3,21.04,26.15,13.57,8.59,175.67,25.34,1.135,5.64,15.6
23/06/2023,98.51,22.82,20.75,25.78,13.48,8.43,172.78,25.1,1.12,5.65,15.4
26/06/2023,97.93,22.77,20.68,25.57,13.38,8.34,172.65,25.15,1.11,5.56,15.22
27/06/2023,98.43,23.12,21.01,25.75,13.41,8.37,174,25.43,1.12,5.55,15.38
28/06/2023,99.54,23.43,21.4,26.25,13.6,8.55,174.97,25.94,1.15,5.67,15.61
29/06/2023,100.07,23.71,21.42,26.35,13.48,8.58,176.27,25.98,1.14,5.7,15.67
30/06/2023,100.27,23.71,21.34,26.37,13.49,8.59,177.62,25.88,1.13,5.7,15.67
3/07/2023,100.94,23.91,21.43,26.39,13.43,8.7,177.7,26.03,1.13,5.73,15.72
4/07/2023,102.28,24.19,21.68,26.72,13.51,8.84,178.54,26.56,1.14,5.82,15.87
5/07/2023,101.78,23.99,21.52,26.52,13.46,8.77,177.67,26.02,1.07,5.81,15.84
6/07/2023,100.43,23.53,21.15,25.96,13.47,8.65,174.55,25.91,1.02,5.79,15.72
7/07/2023,98.73,23.28,20.85,25.66,13.33,8.52,172.35,25.3,1,5.73,15.55
10/07/2023,98.52,23.26,20.84,25.64,13.31,8.52,171.28,25.22,0.99,5.72,15.43
11/07/2023,99.62,23.8,21.17,26.18,13.42,8.71,174.83,25.43,1.02,5.76,15.52
12/07/2023,99.15,24.02,21.21,26.42,13.4,8.78,176.34,25.2,1.03,5.78,15.43
13/07/2023,100.62,24.36,21.46,26.55,13.54,8.88,180.96,25.52,1.04,5.74,14.98
14/07/2023,101.33,24.44,21.46,26.92,13.69,8.96,182.7,25.9,1.055,5.74,14.99
17/07/2023,101.87,24.54,21.43,27.12,13.78,9.02,183.02,25.85,1.055,5.7,15.06
18/07/2023,102.57,24.95,21.6,27.67,13.79,9.09,181.64,25.96,1.05,5.8,15.12
19/07/2023,104.65,25.46,22.06,27.98,13.83,9.14,183.9,26.36,1.06,5.73,15.24
20/07/2023,105.25,25.35,22.12,27.94,13.88,9.14,185.49,26.58,1.075,5.8,15.6
21/07/2023,104.55,25.16,21.98,27.9,13.97,9.15,182.83,26.36,1.07,5.85,15.82
24/07/2023,104.43,25.12,21.96,27.69,13.96,9.17,183.59,26.14,1.075,5.9,15.84
25/07/2023,104.2,25.06,21.73,27.61,13.81,9.1,181.92,26.15,1.075,5.85,15.64
26/07/2023,105,25.46,22.09,28.04,14.06,9.27,183.02,26.3,1.085,5.94,15.79
27/07/2023,106.53,25.78,22.35,28.47,14.41,9.36,175.03,25.9,1.12,5.99,15.95
28/07/2023,105.5,25.76,22.28,28.38,14.28,9.33,176.71,24.06,1.115,5.96,15.86
31/07/2023,105.71,25.75,22.34,28.42,14.23,9.35,175.01,24.66,1.13,5.93,15.77
1/08/2023,105.85,25.88,22.43,28.58,14.08,9.39,177.5,25.15,1.14,5.96,15.85
